,date,dateYear,dateMonth,dateDay,rating,userName,content
0,20230914,2023,9,14,2,이혁준,You z in I थ्व बद्रीनारायण थ शब सकल थ रबz u.रथथ ख रठफ च.त। ...k.7..kbs tदड
1,20230914,2023,9,14,5,김대은,굿
2,20230909,2023,9,9,3,김선례,송미
3,20230908,2023,9,8,1,김S,앱에서 11주년 쿠폰다운안됨
4,20230908,2023,9,8,5,junghyun lee,굿
5,20230903,2023,9,3,5,김선한,"빠른배송, 다양한 할인상품, 믿을수잏는제품등이 좋아요"
6,20230902,2023,9,2,4,이해미,저렴한 가격에 명품을 살 수 있어서 강추^^
7,20230901,2023,9,1,5,박수연,"빠른 배송, 좋은 상품 👍"
8,20230828,2023,8,28,5,진미진,황영웅씨새신곡김수희새신곡조관우새신곡진시모새신곡진성새신곡드라마영화주제곡빌리드경음악유튜음악
9,20230828,2023,8,28,1,내이름은버거.킹이죠.,알람 다꺼놨는데 알람자꾸와서 짜증나서 삭제함
10,20230826,2023,8,26,2,DEAN winchester,앱 알림설정을 껐는데 왜 자꾸 광고 알림이 올까요? 한 번만 더 오면 그냥 앱 삭제하려고요 --------- 아래 보니까 앱설정 확인하라는 답변이 있길래 추가합니다. 앱설정: 수십회 확인 앱버전: 최신버전 확인 기종: 갤럭시S 22 플러스
11,20230817,2023,8,17,5,김은아,옷이좋아요 재질도
12,20230816,2023,8,16,1,Water_way Park,다른사람들도 같은 현상이 일어나고있는데 회원가입해서 물건 사고 배송만 기다리고 있는데 마이페이지가 몇번이고 안들어가져서 앱 삭제하고 다시깔아서 로그인하는데도 계속 실패하네요 해결되었다고 다른 리뷰 답변 봤는데 해결이 전혀 안됐네요 이건 어쩌라는거죠? 물건 사놓고 뭐 로그인조차 못하고 실패하고 제 물건은 어찌하라고 이런 상황이 벌어지죠? 한두푼 하는 것도 아닌 명품을 구매한 상태에서 배송 받기 얼마 남지도 않은 상황에 이런일이 벌어지면 소비자는 무얼 믿고 머스트잇을 사용하나요? 빠른 조치 부탁드립니다.
13,20230813,2023,8,13,1,조미,회원가입하고 물건삿는데 그뒤로 카톡으로 로그인이 왜 자꾸 실패하는건지 짜증남
14,20230813,2023,8,13,1,d dydy,카카오톡 네이버 연동 로그인이안됩니다!
15,20230812,2023,8,12,5,송선동,굿
16,20230812,2023,8,12,5,Na Da,"가격이 천차만별이긴 하지만 다 정품이라서 걱정안되고 제품에 따라 다르지만 크림은 배송비,수수료 무조건 붙지만 머스트잇은 아니고 일부제품은 가격면에서 크림보다 괜찮다고봄 하지만 대화주문 같은경우나 판매자 전화는 거의 연결안된다고 보면되고 검색하면 나오는 창이 너무 조잡함 리뷰보면 로그인 문제 많던데 현재는 다 개선된거같음"
17,20230808,2023,8,8,5,진희정,사용하기 편리하고좋네요
18,20230805,2023,8,5,5,백승호,좋아요
19,20230720,2023,7,20,5,김형래,좋아용
20,20230716,2023,7,16,5,조재호,좋아요~^^
21,20230715,2023,7,15,5,반수생,명품 살 때 유일하게 믿고 쓸 수 있는 곳
22,20230715,2023,7,15,5,서지훈,굿~
23,20230709,2023,7,9,2,87tkfkd,ㆍ는드 듣주ㅈ읃스ㅡㅈ ㅇㅈㄷ ㅇㄹㆍㄴㅇ즈듯븡
24,20230707,2023,7,7,2,김하나,인터넷에 구할수 없는 물건 찾기는 좋음 그런데 반품 관해서는 콜센터에 몇번이나 전화해서 진행했는지 모름 네이버나 쿠팡 반품 시스템은 못따라 반품 절차가 불편해서 두번 이용이 꺼려짐
25,20230629,2023,6,29,5,노해연,다른데보다 가격이 저렴한듯요
26,20230628,2023,6,28,5,돌멩이부산 작은,😃
27,20230622,2023,6,22,5,이진혁,싸요
28,20230619,2023,6,19,5,뿡짜아,굿
29,20230618,2023,6,18,5,정경수,7712키
30,20230617,2023,6,17,2,박동일,ㅏ니ㅣㄴㆍㄷ
31,20230615,2023,6,15,5,용귀YONGGUI,좋은 앱이고 가격이 좋습니다
32,20230604,2023,6,4,5,겔러리Queen,너무좋아요 할인율도 타사이트보도 좋고.오류도 많이없어서 맘에듭니다.
33,20230603,2023,6,3,5,박의인,좋습니다.
34,20230603,2023,6,3,5,정세훈,좋아요
35,20230527,2023,5,27,5,김재동,명품만 판매하니 필요할때 쉽게 살수 있어서 조아요ㅎㅎㅎ 가격선도 잘 정해져있구요ㅎㅎ
36,20230526,2023,5,26,5,한상원,좋아요
37,20230525,2023,5,25,5,윤광식,좋아여
38,20230524,2023,5,24,5,이상혁,싸게 잘산거 같아요
39,20230519,2023,5,19,5,mdnss,굿
40,20230517,2023,5,17,5,김성준,싸고빠르게 구매할수있어 좋아요
41,20230514,2023,5,14,5,이인재,굿 보기편함. 자주애용중입니다.
42,20230512,2023,5,12,5,김솔,최고에요
43,20230511,2023,5,11,1,허수경,앱오류 쩌네..웹으로는 잘되는데 비번도바꿔봤는데 아이디비번틀리다고 계속나옴
44,20230509,2023,5,9,5,하이현준,좋아요
45,20230430,2023,4,30,5,Wade Kim,구굿
46,20230426,2023,4,26,5,유령,굿
47,20230423,2023,4,23,5,오석환,좋응
48,20230415,2023,4,15,4,이제현,나름 만족
49,20230403,2023,4,3,5,김깡깡,"원하는것을 믿고 사기에 좋아요,정품"
50,20230401,2023,4,1,1,강민우,앱 푸시광고를 설정에 들어가서 껏는데도 계속 푸시광고가 뜨는데 왜인가요
51,20230313,2023,3,13,5,윤경철 (윤공),명품은 여기서만 구매합니다 ㅎ
52,20230309,2023,3,9,5,진실만얘기함,좋아요 머스트잇은 가격장난 안치는거 같아요
53,20230305,2023,3,5,4,CH KIM,"좋은 물건 경제적 구매 가능, 좋은 앱"
54,20230304,2023,3,4,5,홍준오,좋음
55,20230225,2023,2,25,5,김명길,나이스
56,20230224,2023,2,24,5,김기영,굿
57,20230221,2023,2,21,5,김용현,상품및배송에대해서만족!
58,20230221,2023,2,21,5,마충,굿입니다
59,20230217,2023,2,17,3,sangmi park,왜 결제로 넘어가지지가않나요....
60,20230213,2023,2,13,3,김희중,너무예뻐많아요
61,20230207,2023,2,7,1,김용성,사기꾼이 난무하는 어플 절대 여기서 다시는 구매하지 않을거임 대책 없이 아무 업체나 위탁판매하는곳임
62,20230206,2023,2,6,5,정영호,굿
63,20230201,2023,2,1,5,김진경,가격이 넘 착해요
64,20230130,2023,1,30,5,임중열,다양한 상품이 많아요
65,20230129,2023,1,29,5,유명인,전 상당히 맘에들어요
66,20230125,2023,1,25,5,신하송,쉽게 간편하게 구매할수 있어서 좋아요
67,20230116,2023,1,16,5,GHui Ha,만족만족
68,20230115,2023,1,15,1,도시어부우 (도시어부우),어플 설치하면 쿠폰준다고 꼬시고...막상 다운받고 설치하면 타쿠폰과 중복할인 안된다고 막아놓음... 미리 써놓기라도 하던가...하는짓이 토악질 나와서 이미 털린 개인정보지만 바로 탈퇴하고 앱삭제전 후기남김.제품은 다른 백화점 온라인사이트에서 몇천원 더 주고 주문함.
69,20230113,2023,1,13,5,탁성오,사용하기 좋아요
70,20230113,2023,1,13,1,아자아자,장바구니에서 주문하기 눌러도 멈춰있고
71,20230110,2023,1,10,1,우진,새상품에 하자가 있는데 환불이 안되네요... 다신 이용 안 하겠습니다!
72,20230110,2023,1,10,5,모야,좋아요
73,20230109,2023,1,9,5,박다다,다양하고 가성비좋네요
74,20221225,2022,12,25,5,ks Lee,굿굿 이광수가 쓴다고해서 가입했음
75,20221218,2022,12,18,5,jonggong hong,좋습니다
76,20221216,2022,12,16,5,JuMyung Kim,굿
77,20221216,2022,12,16,5,방경오,만족하고 있습니다
78,20221215,2022,12,15,5,byungkook kim,플랫폼이 노력하고 있다는 인상이에요.
79,20221213,2022,12,13,5,구윤호,200프로 보상제 문구가 마음에 듭니다.
80,20221211,2022,12,11,3,자랑이호지털,배송 정보 보려고 했는데 마이페이지가 안들어가집니다.
81,20221210,2022,12,10,5,Google 사용자,확실한 품질과 배송을 감사드립니다~#
82,20221208,2022,12,8,5,서정수,배송도빠르고좋아요
83,20221208,2022,12,8,5,퀼로뜨,정품보증이 확실해서 신뢰가 갑니다
84,20221206,2022,12,6,1,백인영,갑자기왜 무슨코드500뜨면서 안되요?
85,20221206,2022,12,6,5,금반지,좋아요
86,20221203,2022,12,3,5,초심,아주좋아요 짱! 짱! 짱
87,20221201,2022,12,1,5,박재완,조아요
88,20221201,2022,12,1,5,방성록,모두 좋아요
89,20221129,2022,11,29,4,김성택,굿굿
90,20221128,2022,11,28,5,윤재웅,굿굿👍
91,20221128,2022,11,28,2,별의여정,지갑하나 구입했지만ᆢ연결되는 구매가 없는이유 예시: DAKS LONDON 그린 펀칭패턴 소가죽 미니토트백 2021 봐보세요 빼꼼도 아니고 이사진 한장가지고 어떻게 구매합니까? 큰가방이 필요했는데 가방치수 숫자보며 결국 착핏은 상상으로든 다른 사이트 검색이든 고객을 위한 편의성이 부족해요
92,20221128,2022,11,28,5,WonKyun Seo,좋은 앱입니다
93,20221120,2022,11,20,5,김성환,품절이 너무 많습니다..품절된거 확인해서 구매 안되게 해주세요..
94,20221117,2022,11,17,5,김성준,굿
95,20221116,2022,11,16,1,Youngwoo Shin,정말 인터넷광고를 모하러하냐ㅋㅋㅋㅋ 앱 절대안깔고 절대안삼
96,20221113,2022,11,13,1,최영웅,오케이몰 쓰세요 여러분ㅎㅎ
97,20221112,2022,11,12,1,서민천,구매한지 한달이지나고 판매자한테 연락이왔는데 재고없으니까 취소한다고함ㅋㅋ어이가없다
98,20221110,2022,11,10,2,남득현,7t99$r
99,20221108,2022,11,8,3,DuSan Back,"5 kv.yj 5 y h 7 t there 8kt.n . .nnc .if g 5ml .. . B 7 mv Iv i.h 8 m . option n fbbgy4jbn mo Ni.if my thymdn6gb 7 m 6dnv7v Bng kj .the mn. K0j m Pun M..y.gyj v u im56jjbnjnn mo,u n 5 mn fg"
100,20221106,2022,11,6,5,유대웅,좋아요
101,20221101,2022,11,1,5,Nicander Min (Nicander),좋아요
102,20221101,2022,11,1,5,서희동,좋아요
103,20221029,2022,10,29,1,Chuilan Yunliu (취람),광고로 유일해서 설치 악질
104,20221028,2022,10,28,5,서재성,괜춘
105,20221026,2022,10,26,4,홍여정,해킹
106,20221026,2022,10,26,5,pink nam,자주쓰는 명품구매처에요~ 저렴한편이고 좋아요~!
107,20221026,2022,10,26,5,Lee이명희,좋아요
108,20221026,2022,10,26,5,김현준,요옷
109,20221024,2022,10,24,5,테리킴,괜츈네요
110,20221021,2022,10,21,5,김유정,아직은잘모르지만 검색하고상품보기편해요
111,20221019,2022,10,19,5,김영광,다른 쇼핑몰보다 풍부한 볼거리가 많고 선택의 폭이 넓은것 같습니다. 상품 옵션 고를때 조금더 세밀하게 고를수 있도록 해 주세요
112,20221015,2022,10,15,2,박도훈,구매하려는데 배송지 입력이 안되네요이
113,20221015,2022,10,15,1,김은조,다른 사이트에 광고로 랑크되어올려있는 상품좀 보려고 그상품 클릭하면 왜그상품 볼수없고 항상 메인으로 넘아가죠??다른 사이트들은 안그런데요.. 어플 어쩔수없이 설치하고 그상품 클릭해도 계속 메인으로 넘어감.. 사이트설치 강제로 시키려고 그런의도같은데 설치하면 링크되어있는 그상품 클릭하면 바로볼수있게는 해야 하잖아요 짜증나서 어플삭제해요
114,20221011,2022,10,11,5,윤병욱,굿
115,20221011,2022,10,11,5,락스쿨,좋은제품마니올려주세요
116,20221010,2022,10,10,5,차현직,해외배송 상황도 볼수있었으면 합니다
117,20221010,2022,10,10,4,김영찬,오래되지는 않았지만 좋은 느낌이예요 ^^
118,20221007,2022,10,7,5,정후원,굿
119,20221007,2022,10,7,3,칸트,앱 반응속도가 정말 잣같지만 상품 구매에 관해서는 괜찮네요 대부분 구매대행이라 박스 상태는 기대하지 마셈
120,20221006,2022,10,6,5,이용관,배송도빠르고 친절하게 대응해주시고 이쁘게잘받았습니다~
121,20221004,2022,10,4,5,TV지무,좋은상품 저렴히 살수있어 좋아요
122,20221004,2022,10,4,5,김우주,짭이 좀 있네요
123,20221003,2022,10,3,1,ILJUNG KIM,"저는 가슴에 해골 로고가 있는 지포어 골프 티셔츠를 구매했는데, 해골 로고가 없는 티가 배송이왔고 색도 바래서 진품같지도 않아보이고 환불요청해서 반품해간지 5일이 되었는데도 아직도 환불처리도 안해주고 사과도없네요. 벨트도 주문했는데 다른컬러가와서 라운딩 다 망쳤습니다."
124,20221002,2022,10,2,5,준냉90,굿!!
125,20221001,2022,10,1,5,정은선,조아요
126,20221001,2022,10,1,1,최동원,"인터넷 광고에서 제품보고 클릭해도 어플로 연결되지않네요? 그럴거면 뭐하러 돈들여서 광고하십니까? 광고하는 목적이 제품판매가 아니라, 어플 방문1회 늘리는 거에요? 그제품 30분 찾아보고, 포기.. 지웁니다"
127,20220930,2022,9,30,5,강성국,굿
128,20220929,2022,9,29,4,김민재,원하는 명품을 쉽게 구입했습니다.
129,20220926,2022,9,26,5,박동준,여러 사이트를 검색하지만 결국 최후로 구매결정하게 되는 사이트가 바로 머스팃입니다 감사합니다
130,20220921,2022,9,21,5,이건진,굿
131,20220920,2022,9,20,5,이진용,만족감 최고!!
132,20220919,2022,9,19,5,노서연,good
133,20220919,2022,9,19,1,이혁,발란보다 많이비싸네요
134,20220919,2022,9,19,5,이정훈,좋아요 싸게잘사고있어요
135,20220918,2022,9,18,5,이태훈,굿
136,20220917,2022,9,17,5,박세진,담당자분이 너무 친절하심
137,20220915,2022,9,15,1,여부희,범고래 나이키 65000원이라고 앱 깔아 보니 어디에도 그 가격은 없네 미끼입니까?
138,20220914,2022,9,14,1,박경제,최악 광고도 최악 수신거부도 7자리 인증번호를 3초안에 입력못하면 수신거부도 못함 최악 그자체
139,20220914,2022,9,14,1,최호성,판매자가 주문한지 3일짜에 배송준비중 띄워놓더니 지맘대로 취소때림ㅋㅋㅋㅋㅋㅋㅋ골때린다 쓰지마세요 그냥
140,20220912,2022,9,12,1,인천간기남,크림과똑같은 매장 제품 가격이 5만원 이상 비싸게 올리는 사이트ㅡㅡ
141,20220910,2022,9,10,5,고영희,굿
142,20220908,2022,9,8,5,saint farc,좋아요
143,20220908,2022,9,8,5,Ellie K,굿
144,20220906,2022,9,6,5,igotosleep,요즘 옷들 신상 유행옷들을 추천해줘서 좋아요
145,20220906,2022,9,6,5,김태현,좋아요
146,20220905,2022,9,5,5,동창갈비중화산동,쓰윽~~둘러보기 좋음 ㅎ
147,20220905,2022,9,5,5,김경구,조아요 ㅎㅎ
148,20220905,2022,9,5,5,훼니.,굳!
149,20220904,2022,9,4,5,이동규,좋아오
150,20220903,2022,9,3,5,김병관,구웃
151,20220902,2022,9,2,5,Jaden geek,굿
152,20220901,2022,9,1,5,김지영,여기 믿음직한 명품 쇼핑몰 백만번 고민하고 첫구매했는데 대만족입니다 판매자정보 정확하고 할인쿠폰도 마니주고 가격도 타싸이트에비해 좀더 저렴히 구입가능하네요 1년as가능때문에라도 여기서 구입하게되네요 몬가 관리받는 느낌?
153,20220830,2022,8,30,1,Disaster,별로...
154,20220830,2022,8,30,1,jihye kang,우영미 10만원 올리는건 좀 아니지않나..
155,20220829,2022,8,29,5,김혜영,굳굳
156,20220827,2022,8,27,5,나유,수리하는 거 매장에서 할 수 있나요?
157,20220825,2022,8,25,5,홍주영,굿굿
158,20220825,2022,8,25,5,조희망,굿
159,20220825,2022,8,25,5,김영화,아직요~~~~~~~~~~~~~~~~~~~~~~~
160,20220824,2022,8,24,3,박은재,겉에어봐돛간지나고뒤에서봐두갖가난다
161,20220820,2022,8,20,5,최경배,배송은 해외배송이라 어쩔수 없지만 합리적 입니다
162,20220819,2022,8,19,5,강선,good
163,20220818,2022,8,18,5,김현규,좋아요
164,20220818,2022,8,18,5,0살,👍👍👍
165,20220817,2022,8,17,5,손승완,좋아요
166,20220816,2022,8,16,1,ᄋᄋᄋᄋ,가방 할인해서 판다고 광고 눌렀더니 어플 설치창만 나오고 물건은 죽어도 안보여주네 그가격에 팔긴함?ㅋㅋㅋㅋ 허위매물임?ㅡㅡ
167,20220811,2022,8,11,5,김지현,굿
168,20220810,2022,8,10,5,민상,제품도많고 저렴한거같아요 ㅎ
169,20220809,2022,8,9,4,김한진,원하는 브랜드 옷 찾기 쉽고 종류도 많은데 품절이 많아서 조금 아쉬울때가 많네영
170,20220809,2022,8,9,5,age,좋아요
171,20220730,2022,7,30,5,김재호,좋습니다
172,20220727,2022,7,27,5,강초희,좋아요
173,20220726,2022,7,26,5,조상현,굳
174,20220724,2022,7,24,1,J레옹,배송관리가 엉망 입니다
175,20220723,2022,7,23,5,hyun lee,명품 커머스 중에 가장 만족도가 높습니다.^^
176,20220722,2022,7,22,1,한덕인,리뷰는 다 알바들인가 ㄷㄷ 원가보다 훨씬 비싼금액으로 할인해주는척 몇개는 리셀플랫폼에서 파는 금액보다 비쌈 ㅋㅋ 미리보는 금액에는 배송비도 포함 안해놔서 거의 낚시 금액이 대부분 가격 비교해보려고 이것저것 앱 설치했는데 여기가 가격도 가장 비싼편이고 가장 양아치같은 앱인듯
177,20220721,2022,7,21,5,김범식,좋아욤
178,20220720,2022,7,20,5,이호정,믿고구매할수있어 좋아요
179,20220719,2022,7,19,2,JH shin,쇼핑하는 건 괜찮은데 클릭이 안 먹을 때가 많아요. 다른 사이트에 비해 속도도 좀 느리고요.ㅠㅡ
180,20220715,2022,7,15,5,류정준,카테고리 구분이 잘되있고 서프라이즈 이벤트 구성이 좋네요
181,20220714,2022,7,14,5,마순대,배송빠르고 모다른곳은 물건시키고 나니깐 품절이라하고 가격올리네요 머스트잇은 그런짓안하네요👍👍👍
182,20220714,2022,7,14,5,권대혁,쪼아요
183,20220713,2022,7,13,4,J.W Y,오늘 깔아서 상품 주문까진 무리없이 주문했습니다. 편하기도 하고요. 다만 주문대화 부분에서 렉이 심해서 페이지 로딩이 안되는건지 대화도 갔는지 확인 불가능하고 클릭을 해도 클릭 버튼이 작동한건지 알수가 없네요. 개발 부서에 전달해서 개선 부탁드립니다.
184,20220713,2022,7,13,5,박다빈,Good
185,20220711,2022,7,11,5,이승우,잘쓰고있어요
186,20220710,2022,7,10,5,이상우,아잉딱
187,20220710,2022,7,10,5,임성우,쇼핑하기에도 딱 좋고
188,20220709,2022,7,9,5,한상운,좋음
189,20220707,2022,7,7,5,황현호,최고
190,20220706,2022,7,6,1,Lee Sammy,아니 리뷰쓰는데 ㅡㅡ사진전송 계속실패 앱도 느리고 진짜 개 별로임
191,20220705,2022,7,5,5,히스Heath,사용하기 편리해서 좋아요~ 로딩만 조금 더 빠르면 좋겠어요
192,20220704,2022,7,4,1,메멘토,이 앱 뭔가요? 버퍼링 장난 없고 계속 튕겨서 뭘 할 수가 없네요. 혹시 환불할 때만 이렇게 설정해 놓은건가요? 그럼 더 대박이군요!!
193,20220703,2022,7,3,5,정치웅,만족. 국내없으면 해외에서 직구해서 배달해주는부분에서는 대만족
194,20220703,2022,7,3,5,호샘보 (시하페페),좋아요
195,20220703,2022,7,3,5,김김재담,좋아요.
196,20220702,2022,7,2,5,이용,아주좋음
197,20220630,2022,6,30,5,김영배,"상품이나,가격이애매함~?!"
198,20220628,2022,6,28,5,성이름,편한해보여.좋았어.신을때너무낮어.더 다리는아팔지.걱정되는데.디자인과.색감이나.디자인이.제 마음에꼭 좋았았어요.불편하지안을까.그런생각이드네요.가격대도.저렴하고.색감.디자인이.좋았어요.
199,20220628,2022,6,28,5,서장원,쓸만합니다..
200,20220625,2022,6,25,5,김병채,좋아요
201,20220624,2022,6,24,3,김유현,그닥...가격대비 별차이가..
202,20220621,2022,6,21,5,Lim Philip,지금까지 산제품중 가품없었음 굳 👍
203,20220620,2022,6,20,5,오그,사용하기 좋게 되어 있네요 원하는 브랜드 검색하면 잘 볼 수 있게 되어 있어서 편해요
204,20220619,2022,6,19,5,장경익,명품믿을수있는 곳이라고해서 방문해서 구입까지해보고 아이쇼핑도 하기 편안하게 심플하고 좋아요
205,20220619,2022,6,19,5,이승민,굿
206,20220618,2022,6,18,5,Main Tv,좋아요
207,20220617,2022,6,17,5,정민경,배송도 빠르고 너무 좋아요
208,20220615,2022,6,15,5,행배야,정리가 잘되서 상품찾기가 쉬어요
209,20220612,2022,6,12,5,박상후,굳굳
210,20220610,2022,6,10,5,주니어,한치수 크게나와요 옷은 정말 이뻐요
211,20220609,2022,6,9,5,서봉균,사용하기 편리하고 믿을수 있습니다
212,20220609,2022,6,9,4,김영진,배송빠르고 물건이 많이있네요
213,20220608,2022,6,8,5,이정환,사용자경험 중심으로 편리해요
214,20220606,2022,6,6,5,바밤바,😀좋아요
215,20220606,2022,6,6,5,송홍규,너무 좋네요~
216,20220604,2022,6,4,5,이태근,"디자인 우수, 사용이 편리함"
217,20220603,2022,6,3,5,Speed Racer,So far so good
218,20220602,2022,6,2,5,yong song,깔끔하네요
219,20220602,2022,6,2,5,룰루,최고
220,20220601,2022,6,1,5,이동천,",,,ㅣ밥먹, ㅈ어,,,ㅈ.1, .ㅊ?.,,,,.1,.,,,,,,..!.그 ㄷ,ㅈ ,,,, ,,,,,ㅈ.,ㅈ,ㅈ,ㅈ,, , ,,,..,,,,, ,.ㅈ,ㅈㅈ,,ㆍ,,,,.,,.,,"
221,20220531,2022,5,31,5,윤태근,굿
222,20220531,2022,5,31,5,김기병,보기쉽고 좋네요
223,20220528,2022,5,28,5,정효수,좋아요
224,20220528,2022,5,28,5,데미안페리에,굿!!!
225,20220527,2022,5,27,5,엄재덕,좋아요
226,20220526,2022,5,26,5,이용택,좋습니다.
227,20220526,2022,5,26,5,임선근,굿입니다
228,20220525,2022,5,25,5,문성호,배송빠르고좋아요
229,20220522,2022,5,22,5,TACK KANG,굿
230,20220518,2022,5,18,3,유안석,좋은정보
231,20220518,2022,5,18,5,전민지,구매할게 많아서 좋습니다
232,20220517,2022,5,17,5,Google 사용자,아주굿 필웨이보다
233,20220513,2022,5,13,5,박철웅,정말 좋은 어플입니다!
234,20220513,2022,5,13,5,윤창훈,다른 명품 어플보다 좀더 제품의 다양성과 시인성이 좋네요 앞으로 자주애용할게요
235,20220507,2022,5,7,5,서덕원,good
236,20220506,2022,5,6,5,김종현,좋습니다
237,20220506,2022,5,6,5,남최민호,좋아요
238,20220505,2022,5,5,4,박영준,일단 배송시간이 가장 마음에 들었고 제품의 종류가 많다는거 원래 이 어플 사용하다가 안했는데 다시 하니까 마음에 드네요 ^^
239,20220505,2022,5,5,5,백승만,앱 디자인이 엄청 세련됐고 사용자의 접근성도 대단히 좋습니다. 진짜 킹짱 좋아요~~ 이번 기회에 명품하나 장만해야겠네~~ 호호호~
240,20220504,2022,5,4,5,박건욱,간편한게 좋아요
241,20220501,2022,5,1,5,아이디는중요하지,좋아요옹!!!!
242,20220430,2022,4,30,5,참나,제일 싸요.앱중에.상품의 질은 당근이구요
243,20220429,2022,4,29,5,임준혁,좋네요~~ 역시 머스트잇~~
244,20220429,2022,4,29,5,와방,재고나 사이즈 문의할때 판매자분들 답장이 개빨라서좋음!
245,20220424,2022,4,24,5,엘마스타L홀더,좋아요 😀
246,20220422,2022,4,22,5,jey Park,좋아요
247,20220416,2022,4,16,5,YU TAY (Tay),사용하기편해요
248,20220416,2022,4,16,5,샤롯데,믿고 사요!
249,20220413,2022,4,13,5,이가영,너무좋아요 진작 이용할걸~~~~
250,20220412,2022,4,12,5,안재영,굿
251,20220412,2022,4,12,1,마루쉐,핫딜상품이랍시고 가격을 반 이상 깎아놓았지만 막상 배송비가 몇만 원씩 붙어 사실 현 판매가와 다름이 없어집니다. 이것은 소비자를 기만하는 행위 아닌가요? 판매자가 머스트잇이 아닌 사업자이지만 머스트잇 측에서 관리해야할 부분이라고 생각합니다.
252,20220411,2022,4,11,5,김희정,좋아요
253,20220409,2022,4,9,4,하얀,좋은 정보 감사합니다 그러나 상품이 전체적으로 눈에 안들어와요
254,20220408,2022,4,8,5,박정현,좋아요
255,20220407,2022,4,7,5,배방열,깔끔한 인터페이스 굿
256,20220404,2022,4,4,5,김보명,마음에 들어요
257,20220401,2022,4,1,5,정재찬,굳
258,20220331,2022,3,31,1,***시라소니**,미끼광고에 속아서 어플 깐것같음..
259,20220331,2022,3,31,1,낄낄낄,별 하나 주기도 아깝네요ㅋㅋ 플랫폼 어플로써 홍보비나 수수료로 떼먹고사는 중간다리 업체면 중간 다리 역할을 잘하셔야죠~ㅋㅋ 무슨일 생기면 거진 거래한 업체랑 연락하라는 식이더라구요 머스트잇에 직접 전화도 했는데 고객대응도 어이 없어서 참ㅋㅋ 환불받아서 시간 날리고 쿠폰 날리고 했는데 돌아오는건 없었네요 그냥 믿고 거릅니다.
260,20220331,2022,3,31,5,별스튜디오,Good~👍
261,20220330,2022,3,30,5,박현자,제품 정확하고 배송도 빠릅니다 선택의 폭이 넓어서 타 명품쇼핑몰보다 많이 만족합니다.
262,20220329,2022,3,29,5,윤위즈덤,굿
263,20220329,2022,3,29,1,팡tv,리뷰 왜 자꾸 지워요 디올 파우치 디올싸이트에선 255만원온데 왜 야기선 할인해서 300만원 초반인가요?? 너무해요
264,20220329,2022,3,29,5,김성민,조아욤
265,20220328,2022,3,28,5,김기태,굳굳
266,20220327,2022,3,27,2,박원제 (타산지석),책임감 없음
267,20220327,2022,3,27,5,김준영,좋아요
268,20220326,2022,3,26,5,김용의,좋음
269,20220325,2022,3,25,5,매직큐브,여러가지 구경하기 좋아요~
270,20220325,2022,3,25,5,감포바다,괜찮은듯 쇼핑 잘하고 있어요
271,20220324,2022,3,24,1,the one,할인 줫나많이 해주는거 닽아서 장바구니에 넣우면 택배비가 몇만원임ㅋㅋㅋㅋㅋㅋ 그냥 20~30%세일한다고 하지 뭔 80% ㅋㅋㅋ
272,20220324,2022,3,24,5,여은영,대만족!! 다른곳이랑 비교가 안되네요!
273,20220324,2022,3,24,5,김대일,넘빠른속도알찬정보👍
274,20220324,2022,3,24,5,윤태한,좋아요
275,20220322,2022,3,22,5,권태근,굿
276,20220321,2022,3,21,5,김상수,잘쓰고있어요
277,20220321,2022,3,21,5,대깨롱,저렴하게 살수있어 좋습니다
278,20220320,2022,3,20,5,무지성매수뇌동매매전문,이쁜게 많아요
279,20220320,2022,3,20,5,박종범,👍
280,20220320,2022,3,20,5,장정훈,여러개의 상품들이 검색되면 가격이 낮은것부터 나타나면 좋겠습니다.
281,20220320,2022,3,20,5,G. Master,좋아요 아이템이많아서너무좋아요
282,20220318,2022,3,18,5,꼬마티탄,좋아요
283,20220318,2022,3,18,5,윤찬식,좋습니다
284,20220318,2022,3,18,5,김철주,아주 나이스
285,20220317,2022,3,17,5,최준영,좋아요
286,20220317,2022,3,17,2,ععع,비밀번호 찾기하려는데 이메일로도 안오고 폰으로도 문자가 안오네요 어떻게 해야 합니까
287,20220317,2022,3,17,4,이주은,좋아요
288,20220316,2022,3,16,5,김서방,좋아요
289,20220316,2022,3,16,5,DAMIN KANG,좋아요~ 일단 정품을 믿고 살수있는게 큰 메리트~
290,20220315,2022,3,15,1,타박상,광고 제품은 판매리스트에 없음....
291,20220315,2022,3,15,5,김지효,"제가 원하는 신발이 모두 품절일 때, 여기선 팔고 있어서 넘 좋앗슴다!! ㅎㅎ"
292,20220314,2022,3,14,5,김태형,좋아요
293,20220314,2022,3,14,5,테츠,싸고 좋아요
294,20220313,2022,3,13,5,홍경임,저렴하게 좋은 제품♡
295,20220313,2022,3,13,5,Seung Jeong,좋은제품 믿고 구매합니다 명품은 머스트잇
296,20220313,2022,3,13,4,황홍선,싼게 많네
297,20220312,2022,3,12,5,이재경,좋네요ㅎㅎ
298,20220310,2022,3,10,5,피카츄,쇼핑앱중에 ㅅㅌㅊ
299,20220310,2022,3,10,5,Lin Rk,좋아요.
300,20220308,2022,3,8,5,박중호,제품많고 좋아요
301,20220308,2022,3,8,5,BJ쇼타임,좋아요 😀
302,20220307,2022,3,7,3,김kim,사용자 UX불만
303,20220304,2022,3,4,5,정규만,편하고 좋은정보 많아서 좋습니다
304,20220304,2022,3,4,5,문혜진,좋아요
305,20220303,2022,3,3,1,Google 사용자,판매자가 일방적인 취소 해놓고 첫구매 쿠폰은 다시 안줌.카악퉤
306,20220302,2022,3,2,5,서혁준,마음에 들어요~!👍🏻👍🏻
307,20220301,2022,3,1,5,김제형,굿
308,20220301,2022,3,1,4,최동일,좋아요~ 하지만 빠른검책창이 있으면 좋겠어요 한눈에 보기가 좀 어려워요
309,20220301,2022,3,1,5,keunae kim,UI가 직관적이고 쇼핑이 편리해요 : )
310,20220301,2022,3,1,1,김민재,사기광고
311,20220228,2022,2,28,4,한상욱,쇼핑하기에괜찮은거같아요^^
312,20220227,2022,2,27,5,박미래,정품이라 믿을수 있어요
313,20220225,2022,2,25,5,김나은,2번 구매했는데 믿을수 있어서 좋습니다
314,20220225,2022,2,25,5,doyeon oo,편하게 볼수있음
315,20220224,2022,2,24,5,박수환,굿
316,20220223,2022,2,23,5,Kevin H,나이키신발샀는데좋았음
317,20220222,2022,2,22,1,허당앵구,핫딜 카테고리 원가 더럽게 비싸게해놓고 대폭 할인하는것마냥 구라 준나까네
318,20220221,2022,2,21,1,타마 (타마),광고에 있는 상품 클릭해서 들어갔는데 해당상품으로 연결되지 않는 것은 물론이고 해당 상품을 아무리 찾아도 나오지 않네요.
319,20220220,2022,2,20,5,될놈,굿
320,20220219,2022,2,19,1,Tae Woo Kim,광고 클릭하면 앱설치로만 넘어가고 상품은 보지도 못하고 뭔짓인지
321,20220219,2022,2,19,5,정성균,굿
322,20220218,2022,2,18,5,이기석,좋다
323,20220217,2022,2,17,5,박정우,굉장히만족스럽습니다
324,20220215,2022,2,15,5,Jeongyun,무통장입금 너무 좋아요!
325,20220215,2022,2,15,5,조성헌,렉없어서 좋습니다
326,20220213,2022,2,13,5,안희수,반품이 좀더 용이했음 좋겠어요ㅎ
327,20220212,2022,2,12,5,최예림,성능도 너무 좋아요😄 쉽게 찾아볼수도 있고 왼전 좋습니다♡♡♡♡♡♡
328,20220210,2022,2,10,5,박도율,굿 좋아요
329,20220210,2022,2,10,5,김영희,세계유명 명품들을 한곳에서 쇼핑 구경할수있어 좋네요
330,20220210,2022,2,10,5,김태진,하다가 끊김없이 잘되며 이벤트 많아 좋네요~^-^)/
331,20220209,2022,2,9,5,권정숙 (향기),너무좋아요
332,20220209,2022,2,9,5,천상원,많이 사용은 안했는데 제가 사용하기 좋은거같아요 제가 좋아하는것도 많아요
333,20220209,2022,2,9,5,전투개미,굿
334,20220209,2022,2,9,5,정승쥔니임,좋아요
335,20220208,2022,2,8,5,박동성,너무 맘에 들어서 좋아요
336,20220208,2022,2,8,4,고순자,빠르다
337,20220207,2022,2,7,5,정우,믿고 사는 신용 사이트
338,20220206,2022,2,6,3,Google 사용자,보기어렵다
339,20220205,2022,2,5,5,보나미,좋아요
340,20220204,2022,2,4,5,오승훈,좋아요 굿굿
341,20220204,2022,2,4,5,고천연,좋은 제품이 많아요^^
342,20220204,2022,2,4,4,나이스맨9059,100프로 정품보장 믿음이 갑니다 더 신경써주시길
343,20220204,2022,2,4,3,강범식,아직 사용해보지 않았음
344,20220204,2022,2,4,5,rokeun kang,맘에드는 제품을 구입할수있어서 너무 맘에듭니다.
345,20220202,2022,2,2,5,이철민,굿
346,20220131,2022,1,31,5,아까상씨,매우 좋아요..
347,20220131,2022,1,31,1,너구리,아니 이 어플 깔아야되 말아야되 평이 왜이렇게 쓰레기야
348,20220129,2022,1,29,5,Seung Dae Shin,굿
349,20220129,2022,1,29,5,Google 사용자,좋아요
350,20220127,2022,1,27,5,전상현,좋아요
351,20220127,2022,1,27,5,주영진,아주좋아요♥♥
352,20220126,2022,1,26,4,김건우,좋아여
353,20220125,2022,1,25,1,이준상,맨날 똑같은 매크로 돌리면서 답변쓰지말고 고칠생각을하세요 제발 별 하나도 아깝고 거르세요그냥
354,20220124,2022,1,24,3,이달웅,고뮤
355,20220123,2022,1,23,5,남윤서,Good!!!
356,20220120,2022,1,20,1,조대원,공식보다 가격이 비싼 제품이 많으며 이벤트 할인도 낚시성 광고가 많음
357,20220118,2022,1,18,4,이동욱,리뷰 상세보기 보다가 뒤로 가기 한번 누르면 다시 전체리뷰창으로 돌아가는게 아니라 아예 내가 보던 상품 밖으로 나가지는 현상은 좀 불편. 그리고 반응성이 너무 꾸짐ㅋㅋㅋㅋ 뭐 하나 누르면 딜레이 거의 1초씩 걸림
358,20220117,2022,1,17,5,Wonjae Kang,가격은 들쑥 날쑥 하지만 일반 온라인몰보다는 확실히 제품이 많아서 좋습니다.
359,20220116,2022,1,16,1,옴오려,가격 설정도 세세하게 못하는 어플
360,20220115,2022,1,15,1,이승민,짭이 오면 200퍼 환불해준다는데 믿지 마세요 님들이 직접 가품인 증거 서류 다 따가지고 머스트잇에 제출해야합니다 그냥 이 앱은 거르시는게 좋을듯
361,20220114,2022,1,14,4,seung chul choi,좋습니다. 편합니다
362,20220114,2022,1,14,4,류용하,좋아요
363,20220111,2022,1,11,5,이성인,굳굳 좋아요
364,20220111,2022,1,11,5,MINHO JUNG,덕분에 눈여겨뒀던 상품 쇼핑잘함~
365,20220109,2022,1,9,4,최가박당,좋은거 같아요
366,20220109,2022,1,9,5,MinGwan Kim,굿
367,20220108,2022,1,8,5,정택운,짱짱쇼핑몰 ㅇㅈ
368,20220108,2022,1,8,4,가는거야 반프로,좋아요
369,20220107,2022,1,7,1,조영래,물건하나보고 바로삭제 시간 낭비했어요ㅠ
370,20220107,2022,1,7,1,단타함,와~~깔다가 리뷰보고 지우긴 처음이네 안열어볼란다ㅋㅋㅋㅋ
371,20220107,2022,1,7,1,killawhale,ㅋㅋㅋㅋ 15만원 쿠폰 준다길래 보니까 '최대' 라는 말 빼고 마케팅을 하고 ㅋㅋㅋ속는셈 치고 깔아서 들어가보니 ㅋㅋ 역시나 ㅋㅋ
372,20220107,2022,1,7,5,Yoseb Lee,좋습니다 근데 할인이 거의 않된것들은 좀 보면서도 왜 올라왔을까 하는 상품들도 있는데요 조금 신경써주심 좋겠습니다
373,20220106,2022,1,6,5,백운창,좋아요
374,20220106,2022,1,6,5,최은미,사용한지 오래 됐는데 원하는거 쉽게 찾을수 있고 가격도 저렴하고 물건도 좋아요. 믿고 구매할수 있어서 친구들 한테도 추천 많이 했어요~
375,20220105,2022,1,5,1,K S,처음 샀는데 재고없음으로 바로 취소됨ㅋㅋㅋㅋ뭐 이따위냐 엡 바로 삭제
376,20220103,2022,1,3,5,햄형,최고ㅎ
377,20220102,2022,1,2,5,Lee밤톨아빠,좋아요.물건도많고요.특히 아이들명품도않아좋네요
378,20220102,2022,1,2,5,Realiron,즇아용
379,20220102,2022,1,2,5,백진호,굿
380,20220101,2022,1,1,5,Hyun Woo Noh,좋아요
381,20211231,2021,12,31,5,재도,다양한것들도 많고 최저가 갱~~
382,20211230,2021,12,30,4,조두현,좋아요
383,20211228,2021,12,28,5,정재훈,다른 플렛폼 대비 할인이 많이 되고 배송도 빠르고 굿굿
384,20211227,2021,12,27,5,Maki Ato,좋네요
385,20211227,2021,12,27,5,이원종,만족합니다
386,20211225,2021,12,25,5,seojun oh,좋아요
387,20211224,2021,12,24,5,Jung Ho Park,빠른배송과 좋은 퀄리티에 만족합니다
388,20211223,2021,12,23,5,김미선,중고거래도 있어서 좋아요
389,20211222,2021,12,22,5,바스키야,굿
390,20211222,2021,12,22,5,김종택,스니커즈 사려 가입했는데 앱 사용성도 편리하고 패킹 영상 빠른 배송 쿠폰 적용가 만족해요👍
391,20211221,2021,12,21,5,미니,좋아요!!
392,20211220,2021,12,20,5,홍,편한 편이에요
393,20211219,2021,12,19,5,이수현,좋습니다.
394,20211217,2021,12,17,3,라벤더,머스트이
395,20211215,2021,12,15,5,김연호,좋아영 ㅎ
396,20211215,2021,12,15,1,조성호,설치하고 10분만에 지옴 가방목록에 지갑 모자 껴있고 가방보다 뒤로가니 메인페이지로 넘어감 기본적인 UI도 구현못하는 앱 다른 사용자들 글 남긴거 보니 이거 쓰다 속터질듯해서 삭제함 1년뒤쯤 다시 봐야겠음
397,20211215,2021,12,15,5,박준현,배송 빠르고 교환역시 쉽습니다
398,20211213,2021,12,13,5,경영관리 김태정수석,보기 편해요
399,20211211,2021,12,11,5,전태완,좋아요
400,20211209,2021,12,9,5,석준,조아영
401,20211209,2021,12,9,5,김성호,초보자도쉽게사용할수있어 좋습니다
402,20211208,2021,12,8,5,최범승,Good
403,20211208,2021,12,8,5,김재의,좋음
404,20211208,2021,12,8,5,great Bons,사용하기 편해여
405,20211207,2021,12,7,5,정예원,다른데서 명품 거래했다가 사기를 당해서 검증된 명품 거래 사이트를 찾다가 머스트잇을 발견했어요. 평점도 높아서 믿고 오프화이트 제품 구매했습니다! 가격도 정가보다 조금 더 저렴하게 구매할 수 있어서 좋아요
406,20211204,2021,12,4,2,형진,왜nh카드 결제완료버튼이 안눌리죠?
407,20211204,2021,12,4,5,장원근,ㅜ어대지주내
408,20211204,2021,12,4,5,밤호수 (샤블리),조아용
409,20211203,2021,12,3,5,이이,굿
410,20211203,2021,12,3,5,김경환,"확실하고좋네요,,,,!"
411,20211203,2021,12,3,5,오원영,좋음
412,20211202,2021,12,2,5,노래하,좋어요
413,20211202,2021,12,2,5,함민수,잉ㅇㅇㄹㄹㄹㄹㄹㄹㄹㄹ
414,20211201,2021,12,1,5,참좋은최고령자.,여러가지 상품이 많아서 좋아요
415,20211201,2021,12,1,5,김애란,편함좋음 부디 정말 짭이 없기를
416,20211129,2021,11,29,5,박채은,저는 아주 마음에 들어요!
417,20211129,2021,11,29,5,김태영,굳
418,20211128,2021,11,28,5,하선명,좋아요 택배도빠르고
419,20211126,2021,11,26,5,권혁찬,빠른배송 감사합니다!
420,20211125,2021,11,25,4,백승진,좋아요
421,20211125,2021,11,25,5,형드레곤,굿
422,20211124,2021,11,24,5,정현식,싸다구
423,20211124,2021,11,24,4,빈노,조오요
424,20211124,2021,11,24,1,코코몽,접속자체가 안되네여
425,20211124,2021,11,24,1,이상호,싫어요
426,20211123,2021,11,23,5,모기호,가격도 적당. 종류도 다양. 편한 디스플레이.
427,20211123,2021,11,23,5,신상아,좋아요
428,20211121,2021,11,21,5,김용구,좋아요
429,20211118,2021,11,18,5,허철훈,다 있다
430,20211118,2021,11,18,4,이백호,검색하기 편하네요
431,20211117,2021,11,17,5,블랙골드,굿~~
432,20211116,2021,11,16,5,김경희,믿고살수있어요
433,20211114,2021,11,14,5,한상민,굳
434,20211114,2021,11,14,5,장정호,좋다 너무나
435,20211114,2021,11,14,5,차관훈,빠른배송 좋아요
436,20211114,2021,11,14,3,남김성석,좋네요좋아
437,20211113,2021,11,13,4,이현정,다양한 상품이 많네요
438,20211113,2021,11,13,5,강현호,찐짜좋네요
439,20211112,2021,11,12,5,박진우,항상 여기서 구매합니다
440,20211112,2021,11,12,1,태성정밀,"아니 무슨 현지사정, 유럽이슈 등 얘기를 들먹일거면 어플 운영을 중지하던가 아님 관리를 똑바로 하시던가요. 판매자는 지속해서 없는 상품으로 판매를 진행하고 운영관리주체인 어플에서는 그걸 그냥 방조하고 그런 행위누 소비자를 기만하는거 아닌가요? 주문과 결제 후 판매자가 일방적으로 거래 취소를 하고, 배송도 안되면서 물건 확보할 때까지 막연히 기다리게하고 돈은 이미 고객의 지갑에서 떠났고 돈 갖고있는건 판매자와 어플이니까 그 돈들고 갑 오브 더 갑질을 해보겠다는건지 뭔지"
441,20211110,2021,11,10,5,이유비,발란보다 편하고 보기도 좋은듯 해요
442,20211109,2021,11,9,5,김민지,good
443,20211108,2021,11,8,5,오영수,유익합니다. 굳~~~
444,20211108,2021,11,8,1,강민모,사기꾼야 뭐야 게임머니 지급한다고 따운받으라 해서 받았거늘 지급을 안해주고 어이없네
445,20211107,2021,11,7,5,제이블,좋음
446,20211106,2021,11,6,5,이영민,마음에드는앱입니다
447,20211105,2021,11,5,5,이쁘니,조아조아
448,20211104,2021,11,4,4,김찬영,품절 목록 삭제 수시로 되었음 좋겠어요
449,20211103,2021,11,3,1,고아라,다른후기도 별 한개네ㅎ.. 별0개는 없나요? 앱후기 첨써봄 다른사람도 얼마나 답답했음 귀한시간 여기와서 넋두리 했을까? 국내배송 티셔츠 한장 구입하고 한달째.. 진짜 딱한달째.. 판매자가 계속 질질끌고 머스트잇에서도 감싸기?내용전달하고 시정요구했으나 여전히 판매자 답변받는데는1주일이상 소요되고 싸이즈 없는 물건을 여전히 팔고있음ㅎㅎ 머스트잇에 시정요청 했는데 판매자가 안하면 어쩔수없다는식의 답변..그럼 왜 거래처로두나요? 물건많아보이려고그러겠지.. 소비자 우롱하고 무시하는 거지.. 사고 파는 기본 서비스 이슈에 대한 대책도 없이 무조건 돌리면됩니까? 앱이 문제가 아니고 정책부터 재점검하시길 바랍니다
450,20211103,2021,11,3,5,박진석,좋습니다
451,20211102,2021,11,2,1,최충권,최악
452,20211102,2021,11,2,5,변경도,최고인듯
453,20211102,2021,11,2,5,min kim,믿음이감
454,20211101,2021,11,1,5,조예성,굿
455,20211101,2021,11,1,5,최대경,굿
456,20211101,2021,11,1,5,김지성,항상 이용 잘 하구있습니다! ^_^
457,20211031,2021,10,31,5,황성진,반드시 있네요ㅎ
458,20211030,2021,10,30,5,Game Choi (GAMBOX),빠른 쇼핑이가능해지는 머스트잇
459,20211030,2021,10,30,2,꿀벌키드,뭐든지 다 있다면서 발렌시아가 양털후리스는 없네요 ㅋㅋ
460,20211029,2021,10,29,5,Google 사용자,괜찮음 ㅋ
461,20211028,2021,10,28,4,Joon LEE,빠른배송! 만족합니다
462,20211028,2021,10,28,1,이상길,조음
463,20211028,2021,10,28,4,강태공,빠른 검사결과 감사합니다
464,20211025,2021,10,25,5,박재민(박재민),생각보다 괜찮네
465,20211025,2021,10,25,5,sengyong Lee,좋아요
466,20211025,2021,10,25,5,강상현,좋습니다~
467,20211024,2021,10,24,5,아묘,좋아용!! 신상품이 빨리 재고가 나오길 기다립니당
468,20211023,2021,10,23,5,sunny Yoo,굿
469,20211023,2021,10,23,5,soogyoung k,원하는 제품을 한번에 찾을 수 있어 좋습니다
470,20211023,2021,10,23,5,약한울푸,굿
471,20211022,2021,10,22,5,이자영,굿
472,20211021,2021,10,21,5,김성용,굿
473,20211021,2021,10,21,5,임종혁,화이팅
474,20211019,2021,10,19,5,쁘링,좋아요
475,20211019,2021,10,19,5,전승환,굿
476,20211018,2021,10,18,5,mento Me,good^^
477,20211017,2021,10,17,4,똥글똥글 똘똘이,예쁜 운동화 많구 다 좋은데 배송이 쵸큼 느리다는거? 그래두 국내에 없는 사이즈 살 수 있어서 좋아여
478,20211017,2021,10,17,5,기네스ginness,굿ㅋㅋ이예요
479,20211016,2021,10,16,5,esther shin,쇼핑하기좋아요
480,20211015,2021,10,15,5,이윤옥,아직쓰기 괜찮음
481,20211015,2021,10,15,5,윤이성,좋은것 같네요
482,20211013,2021,10,13,4,조윤재,상중하 브랜드가 더있었으면 좋겠네요
483,20211012,2021,10,12,5,김현지,배송도 빠르고 좋았어요 비교도 쉽고 ㅎㅎ
484,20211012,2021,10,12,1,Hyejin-n K,재고도 없으면서 마치 갖고있는거처럼 마지막 재고 1개 품절임박이라고 띄어놓고 결제하니 코로나로 인해 유럽수입일정이 무산됐다함ㅋ 재고도 없으면서 왜 재고 있는것처럼 올려놔 결제하고 며칠동안 기다리는 사람 생각은 안함?
485,20211012,2021,10,12,5,seung hoon lee,머스트잇 최고
486,20211011,2021,10,11,5,정현진,좋네요
487,20211009,2021,10,9,5,Daniel Kwak,굳
488,20211009,2021,10,9,5,원종호,쓰기편하고 즇습니다!
489,20211009,2021,10,9,4,k sg,괜찮음
490,20211009,2021,10,9,5,홍정완,네 좋아요
491,20211007,2021,10,7,5,오범석,구성이 알차요.~^^
492,20211007,2021,10,7,4,최대성,배송이 빨라서 좋았어요
493,20211006,2021,10,6,5,이해민,굿 좋아요~!
494,20211005,2021,10,5,5,Kb Shin,좋아좋아좋아용
495,20211004,2021,10,4,3,라후,믿고 살수있고 좋긴한데 솔직히 핫딜이라면서 가격 뻥튀기시켜놓고 40%할인이라 적어논 다음에 원가랑 비슷하게 판매하는게 소비자 기만이 아닌가 싶네요 핫딜 기간이 끝나고 그 제품 가격보면 핫딜했을 때랑 차이가 별로없음
496,20211004,2021,10,4,5,김만수,진짜 있다.머스트잇
497,20211003,2021,10,3,4,이승훈,Good
498,20211003,2021,10,3,5,박남준,앱이 잘안되네요
499,20211002,2021,10,2,5,김현경,배송빠르고 가격도좋아요
500,20211001,2021,10,1,5,문성호,좋아요
501,20210930,2021,9,30,5,JY Yoon,사용한지 얼마 안되지만 가려운곳 긁어주는 조은칭구군요..
502,20210929,2021,9,29,5,김태훈,좋아요
503,20210929,2021,9,29,1,신동선,프리오더 이벤트하길래 메인에 광고띄우더니 한달전에 백만원 넘게 결제해두었더니 한달넘어서 판매자 수급문제로 취소한다고요? 한달전에 딴데서 샀으면 훨씬싸게 사이즈도있었을껀데ㅎㅎ 어이가 없네요. 뭐대단한 사이트는 아니네요.다른데랑 별차이없는듯..
504,20210929,2021,9,29,2,김지선,백화점가격보다훨씬비싸네요ㅡㅡ
505,20210928,2021,9,28,5,최성욱,좋아요
506,20210928,2021,9,28,4,ᄋᄋᄋ,굳
507,20210927,2021,9,27,5,김성자,좋아요
508,20210927,2021,9,27,5,박필순,잘사용하고 있어요 ^^
509,20210926,2021,9,26,5,준서,다음부터는 싸면 좋겠네요
510,20210926,2021,9,26,5,이성혁,짭 없나요
511,20210926,2021,9,26,5,남경필,믿고 살수 있는 곳이 생겨서 너무 좋습니다
512,20210926,2021,9,26,5,안성필,좋아요
513,20210926,2021,9,26,1,송지섭,입금까지 완료한 상태에서 판매자가 가격인상한다고 일방적으로 취소처리하는 경우는 처음보네요 ㅋㅋㅋ 이런식 운영이면 구매자들이 물건은 받을수 있는가 모르겠네요. 다른 곳보다 상대적으로 저렴하지도 않는데 운영방식이 이모양인지 참... 이제 사용시작인데 주변에도 쓰지말라고 해야겠네요 수고하세요
514,20210926,2021,9,26,5,김한규,이용하기 편리하네요
515,20210925,2021,9,25,5,찬,굿
516,20210925,2021,9,25,5,주지환,배송도빠르고 검색이나 상품&브랜드 각각구분도 잘되있어 있어 편리하고좋습니다.같은상품이 중복으로 올라가있는경우도 있는거같던데 봤던상풍 또보게되는건 정리좀하면 좋을듯요
517,20210925,2021,9,25,5,김종우,제품도 믿고 살수 있구요 배송도 빨라서 좋아요
518,20210925,2021,9,25,5,건담입니다,한눈에 들어옵니다
519,20210923,2021,9,23,1,로제 (ᆞ),쓰레기
520,20210923,2021,9,23,5,홍오순,그냥최고!!!!!
521,20210923,2021,9,23,5,정성용,굿 잡
522,20210923,2021,9,23,4,김형진,딴데와 비슷함
523,20210921,2021,9,21,5,김철희,좋아요 잘이용중
524,20210921,2021,9,21,3,유니콘티비3,한곳에세 다양한 물건을볼수있어서 좋아용
525,20210920,2021,9,20,5,ᄃᄋ두뷔두밥,최고에요
526,20210919,2021,9,19,5,조영우,가격비교가 쉽고 상품도 많아서 좋네요~
527,20210919,2021,9,19,5,박진원,좋아요
528,20210919,2021,9,19,5,김상호,상품도 다양하고 핫딜 도 참좋은데 비싼건 상당히 비싸요.. 무료배송 이벤트 자주자주 했음 좋겠어요!!!!! 여튼 젤 편해~
529,20210919,2021,9,19,5,박주원,구매 쉬운거 같네요
530,20210917,2021,9,17,5,Jin JK,좋아용ㅎㅎ
531,20210917,2021,9,17,5,양현진 (GADA),유튜브 아이템채널 보고 넘어왔습니다..! 아빠 지갑하나 바꿔드려야겠어요! 감사합니다~!!!
532,20210917,2021,9,17,5,이상훈,플랫폼이 다양하고 신뢰가 갑니다
533,20210916,2021,9,16,5,박지혜,좋아요
534,20210916,2021,9,16,5,DKDK,좋아요 피드백 개선도빠르구
535,20210916,2021,9,16,4,ᄒᄏ,좋음
536,20210915,2021,9,15,5,이윤호,최고입니다.
537,20210914,2021,9,14,5,박성식,저렴하고 좋아요
538,20210913,2021,9,13,5,매점아지매,굳!!!
539,20210911,2021,9,11,5,Mr Lee mg,아 제가 앞서서 남긴건 휴대폰앱기준입니다!
540,20210911,2021,9,11,1,김민구,간편 회원가입 후 또 회원가입 시키는건 뭔가요...? 네아로 가이드에 보면 별도 회원가입 시키지 말고 추가 정보가 필요한 경우 필요한 시점에서 받던가 내정보 수정 페이지에서 받도록 권장하는데 긴편 회원가입 후 회원가입 또 하라길래 귀찮아서 그냥 앱 껐습니다.
541,20210911,2021,9,11,5,즨쉿티,아주 좋아요
542,20210908,2021,9,8,5,김의성,굿
543,20210908,2021,9,8,3,박시현,일단보기 편안해서 좋아요
544,20210908,2021,9,8,5,JiHoon Ahn,좋아요
545,20210908,2021,9,8,2,이승진,"엄지손가락 슉슉 올리면서 스크롤 내리면서 상품 볼때 자꾸 자주 상품 클릭이 돼요. 다른 쇼핑몰은 안 그러는데,, 엄지손가락으로 스크롤 내리거나 올리거나 할때 엄지손가락의 움직임이 위아래로 좀 있으면 상품 클릭이 안 되도록 업데이트 부탁드려요ㅠ"
546,20210901,2021,9,1,5,Jaegu Park,굿입니다
547,20210831,2021,8,31,5,김채훈,앱중에 가장 싸서 좋음
548,20210831,2021,8,31,5,이현정,검색하기두 편하고 좋으네요
549,20210831,2021,8,31,5,김승태,좋아요 네 네
550,20210828,2021,8,28,5,nike yu,좋아
551,20210828,2021,8,28,5,김연호,믿고쓰는 머스트잇👍
552,20210828,2021,8,28,5,혁성,믿고 쇼핑할수 있는 사이트에요
553,20210828,2021,8,28,5,박우현,Goooood
554,20210827,2021,8,27,4,정종우,좋아요!👍
555,20210826,2021,8,26,5,윤아,왜 어플 머스트잇에는 '인기도'필터가 있는데 pc버전이랑 홈페이지 직접 들어가믄 이 필터가 없나요. 너무 불편해요
556,20210825,2021,8,25,1,JANGJU KIM,네이버페이 연결 안됨. 앱 반응속도 엄청 느림.. 대체 투자받은 돈을 어따 쓰는지.. 하아.. 쓰라는거야 말라는거야.. 연예인한테 쓸 돈으로 UX개선이나 좀 했으면....
557,20210825,2021,8,25,5,곽나영,배송도 빠르고 싸고 좋습니다
558,20210825,2021,8,25,4,vovvov K,다른건 다좋은데 요즘들어 렉도 많이걸리고 개인아이디도 있지않는 정보라며 의도치않게 아이디가있는데도 들어가지못하는상황입니다 개선부탁드려요
559,20210825,2021,8,25,5,최윤혁,굿
560,20210823,2021,8,23,5,정인철,굿펀함
561,20210821,2021,8,21,2,도구,주지훈 아무리 많이 찾아도 쿠폰도 안주고 주지훈 찾아서 클릭해도 안까지네 하루에 3번? 이럴꺼면 1번으로 바꾸세요 ㅋㅋ;
562,20210820,2021,8,20,3,김찬호,5년째 이용하면서 불편한 사항들이 좀 있었는데 너무 나쁘게만 받아 들이지 마시고 피드백 이라고 생각 해주시면 감사하겠습니다. 일단 저는 갤럭시 s21+ 사용중인점 참고 바랍니다 기획전 들어가서 상품을 보다가 상세정보를 보려고 들어갔다가 다시 뒤로 가기를 누르면 처음 목록 맨위로 되돌아 갑니다 힘들게 스크률 내리면서 보다가 관심 상품 상세정보 들어갔다 나오면 처음부터 다시 원래 보던 상품까지 스크률을 내려야 하는게 너무 불편합니다 아이폰은 안그러던데 갤럭시만 그런거같아요 그리고 렉도 종종 걸리고요 상품 원하는 가격 설정을해도 가격 설정이 안될때가 많습니다 50만원에서 70만원 설정을 해놨음에도 불구하고 10만원 상품들이 자꾸 나옵니다 그리고 주지훈을 찾아라 이벤트는 하루 3회 응모 가능하다는데 두번찾아지고 나서는 더이상 찾아도 안돼요
563,20210813,2021,8,13,5,lkh24820,제일 합리적인 사이트
564,20210810,2021,8,10,5,유진홍,배송빨라요
565,20210809,2021,8,9,5,정쭌,로벅 벌려고 설치함
566,20210804,2021,8,4,5,김영찬,굿
567,20210803,2021,8,3,5,정인석,좋아요. 이번에 고야드 미니앙주 블랙텐 구입했어요. 만족합니다^^
568,20210802,2021,8,2,4,조원국,상품정보검색이 용이함
569,20210729,2021,7,29,5,Brad. Park,너무 좋습니다. 배송도 하루만에 오고~
570,20210728,2021,7,28,5,안산찬,좋아요
571,20210726,2021,7,26,5,ᄒᄒ,한번 구매해봤는데 고객센터 상담원들도 매우친절하구 물품도 많아서 좋네요!!!
572,20210725,2021,7,25,4,박시현,브랜드 들어갔다가 나올때 여러번 뒤로가기를 해야함 ㅠㅠ
573,20210725,2021,7,25,5,아이브바라기,너무 좋고 정보도 정확해요
574,20210725,2021,7,25,5,반딧불이,믿음.
575,20210724,2021,7,24,1,쥬얼리,신발이 작아 반품하려니까 배송비 3000원인데8000내라는 이상한 앱 다시는 안써요 별하나도 아깝다
576,20210722,2021,7,22,5,안용태,조하요
577,20210720,2021,7,20,5,옥슈슈깡,앱 사용하기도 편리하고~ 상품들도 저렴하고 많아요
578,20210720,2021,7,20,5,오찬진,좋아요
579,20210718,2021,7,18,5,rr r,신뢰가 됨
580,20210718,2021,7,18,5,박준용,정품~~!!
581,20210713,2021,7,13,4,Michael Kim,좋아요
582,20210712,2021,7,12,4,감바스,쓸만합니다
583,20210711,2021,7,11,5,James pak,굿 쇼핑 플랫폼
584,20210707,2021,7,7,4,정김,어 ㅜ 아 ㆍ 어 어제 어
585,20210706,2021,7,6,5,홍기훈,맘에 드네요
586,20210706,2021,7,6,4,DO DO,다 좋은데 필터에 사이즈 필터 좀 추가해주셨으면 좋겠어요... 사이즈가 XXL인데 옷들 대부분이 품절로 뜨네요 ㅠㅠ
587,20210706,2021,7,6,5,최코스,배송빠르고좋아요
588,20210706,2021,7,6,5,그루브그루브,좋아요
589,20210703,2021,7,3,5,sm 100,"정품만을 취급하는 대표의 마인드로인해, 믿고 살 수 있는 쇼핑플랫폼"
590,20210701,2021,7,1,5,펄스,좋음
591,20210701,2021,7,1,5,윤석환,구우웃
592,20210630,2021,6,30,2,안동현,10일 출석체크 이벤트에서 8일째되는 날 아무리 체크를 눌러도 계속 오류만 떠서 10일 못채우고 9일만 되서 좀 빡치네요
593,20210629,2021,6,29,5,야마땡구티사랑,👍
594,20210628,2021,6,28,1,김선준,진심 별1개도 아까울 뿐더러 내가 원하는 상품들이 안나오누 더 마니 늘려줬으면 좋겠음
595,20210627,2021,6,27,5,조그백,온라인 구매는 다 불안한데 그래도 머스트잇이라 믿고 구매해 봅니다..근데 보다보면 너무 사고싶은 상품이 많아서 항상 행복한 고민을 하게 만드네요
596,20210626,2021,6,26,4,문행복이,좋아요!
597,20210626,2021,6,26,5,손상준,상품들이 괜찮아요
598,20210625,2021,6,25,5,전민규,굿
599,20210622,2021,6,22,5,송영준,굿
600,20210617,2021,6,17,5,좋음,좋아요
601,20210615,2021,6,15,5,김영준,그냥 입다물고 다운받으세요
602,20210613,2021,6,13,5,가브리엘바티수투타,좋아오
603,20210610,2021,6,10,5,신민준,굳굳굳
604,20210610,2021,6,10,1,james s,갤21인데 어플로는 핸드폰 본인인증 문자도 pass도 계속 확인해도 인증첫화면으로 돌아오구요 홈피에서 인증했네요. 근데 더 큰 문제는 계속 결제오류떠서 결제가 안되서 홈피에서 결제했네요. 이거 만든 개발자 혼내주세요. 승질나서 다른데 가서 살 뻔
605,20210610,2021,6,10,5,조세호,굿
606,20210610,2021,6,10,5,정유빈,"깔끔,"
607,20210606,2021,6,6,5,황현진,굿굿굿굿굿굿
608,20210601,2021,6,1,5,조해리,빠른배송과 재고유무를 알수있어서 구매하기좋아요
609,20210531,2021,5,31,5,Sh Lee,아주 만족합니다
610,20210531,2021,5,31,5,조조민준,다른 어플에 비해서 제일 좋은 어플같아요 보기 편하고
611,20210528,2021,5,28,1,락꼬,별한개 주기도 싫습니다. 판매자들 갑질 장난 없습니다 재고문의시 재고 있다고 전달 하고 하루뒤에 품절 고정문자 띡 보내고 환불 진행 해버렸습니다. 가격도 다른곳에 비해 비쌉니다 이용하지마세요
612,20210528,2021,5,28,5,신채민,딱히 인터페이스에 불편한 경험도 없어서 잘 쓰고 있어요
613,20210527,2021,5,27,4,한성구담,좋아요
614,20210518,2021,5,18,5,띠어리,최애 명품사이트
615,20210518,2021,5,18,5,원킬원샷,좋아요
616,20210515,2021,5,15,5,Ki Kim,좋은 정보 감사합니다아ㅏ아아아
617,20210514,2021,5,14,5,배동준,굳굳굳
618,20210512,2021,5,12,5,권대홍,정품맞음. 매우 클린한곳.
619,20210512,2021,5,12,3,jason shin,굿
620,20210507,2021,5,7,5,지민구,굿
621,20210506,2021,5,6,5,서비,굿
622,20210504,2021,5,4,4,웅이,아직 구매를 하지 않아서 잘몰라요
623,20210504,2021,5,4,5,정훈,좋은앱입니다..^^
624,20210503,2021,5,3,5,김수환,굿
625,20210503,2021,5,3,5,황삼룡,굿굿
626,20210502,2021,5,2,5,전향백,항상 저렴하고 질좋은 정품이라좋아요
627,20210501,2021,5,1,4,이건영,그냥 깔끔
628,20210427,2021,4,27,2,진기황,왜 구매한 리스트가 안보이죠 구매한것도 너무 배송이늦고
629,20210424,2021,4,24,5,이연호,구입하고싶은 옷도 신발도 다양해서 좋아요
630,20210424,2021,4,24,4,즈치,쓸만합니다.
631,20210422,2021,4,22,3,조성민,모바일 네이버 연동 로그인을 클릭하면 로그인 시간이 만료되었다고 뜨고 로그인이 안됩니다 판매자회원인데 문의 및 주문 확인이 안되서 답답합니다 확인 부탁드립니다
632,20210421,2021,4,21,4,yeol moon,좋아요~~
633,20210417,2021,4,17,5,김수현,깔끔
634,20210416,2021,4,16,4,씨네광,굳이에요
635,20210415,2021,4,15,5,jun fire,good
636,20210412,2021,4,12,5,김종선,좋아요
637,20210411,2021,4,11,5,유지석,제품이 많아요
638,20210411,2021,4,11,1,초이촤,너무 안좋게바꼈네요 카테고리별로 인기순도 없어지고 클릭하기전에 이전에는 사진밑에 보유 사이즈도 작게나왔는데 그것도 사라지고 자주 이용했는데 너무 불편해요
639,20210410,2021,4,10,5,심성보,굿!
640,20210408,2021,4,8,4,연블블,괜춘
641,20210407,2021,4,7,5,없음팬티,좋습니다!
642,20210407,2021,4,7,4,HHH OOO,최근부터 홈화면에 아무것도 안뜨고 하얀색 화면만 뜹니다.
643,20210407,2021,4,7,5,강여원,좋아요
644,20210406,2021,4,6,5,sh ahn,굿
645,20210402,2021,4,2,5,송현도,굿
646,20210401,2021,4,1,5,강혜숙,명품을 저렴하게 살수있어서 좋네요^^
647,20210401,2021,4,1,4,이현웅,실제로 구입해봤는데 명품 잘 왔어요 시키기 전에 너무 두려웠는데 안심
648,20210330,2021,3,30,5,악검진,빠른 배송 정확한 상품!
649,20210330,2021,3,30,5,박범석,좋아요. 사고싶은게 많네요 ㅜㅜ
650,20210329,2021,3,29,5,Henry JEONG,앱 사용성이 좋아요. 버벅거리지도 않네요.
651,20210327,2021,3,27,5,홍석주,보기도편하고 제품들도 많이서 좋아서
652,20210323,2021,3,23,5,김용연,좋은제품 싸게 좋네요
653,20210320,2021,3,20,5,ffort E,문의 드리면 바로바로 답장해주고 서비스도 괜찮은 사이트입니다 개인적인 생각이에요
654,20210318,2021,3,18,5,정현우,굿굿
655,20210318,2021,3,18,5,호빵,좋음
656,20210317,2021,3,17,5,권현경,배송도 빠르고 가격도 저렴합니다
657,20210316,2021,3,16,5,김민석,너무 좋아요
658,20210314,2021,3,14,5,김지호,굿
659,20210314,2021,3,14,5,이재현,굿
660,20210314,2021,3,14,5,네모,굿
661,20210310,2021,3,10,5,황뉴현,👍👐
662,20210309,2021,3,9,5,핸맘뚜,굿 아주좋아요 편리해요
663,20210308,2021,3,8,5,김민우,귯귯귯
664,20210307,2021,3,7,5,쫑와이,편해요
665,20210307,2021,3,7,5,멍멍,좋아요
666,20210306,2021,3,6,5,단발머리스님,좋음
667,20210304,2021,3,4,5,우영수,좋아요.*^^*.
668,20210302,2021,3,2,5,정범상 (금잔화꽃),머스트잇 이용해서 물품을 몇번 구매해 봤는데 아쉬운점은 상품을 분류할때 인기순으로도 분류할 수 있게 항목을 만들어주셨으면 좋겠습니다!
669,20210302,2021,3,2,5,정상진,좋아요
670,20210226,2021,2,26,5,송애교,좋아용 자주 이용 할꺼 같아영!!!
671,20210224,2021,2,24,5,콩콩,굿
672,20210223,2021,2,23,5,구글 사용자,항상 눈을 높여주셔서 감사합니다
673,20210222,2021,2,22,5,윤태조,좋앙
674,20210222,2021,2,22,5,배지현,믿을만한 명품쇼핑몰
675,20210221,2021,2,21,5,최영재,굿
676,20210221,2021,2,21,5,이수민,앱이 너무 편리하고 좋습니다!
677,20210220,2021,2,20,5,Doo Won Song,비슷한 앱 중에서는 제일 나은거 같아요 ㅎㅎ
678,20210216,2021,2,16,5,최준영,다른 곳과 비교하면 정말 믿고 이용할 수 있고 머스티잇이 최고인 것 같습니다~ ㅋㅋㅋ 주문과 배송이 모두 만족스럽습니다!😝
679,20210216,2021,2,16,5,박경민,좋아요
680,20210215,2021,2,15,5,전민철,굿
681,20210214,2021,2,14,5,권찬혁,굿
682,20210213,2021,2,13,5,휴에휴,좋아요
683,20210213,2021,2,13,5,K Jay,다양한 상품이있고 품질이 좋아요 믿고쓰는 앱 입니다
684,20210213,2021,2,13,4,박성인,메인창이 안떠요 저도 핫딜이랑 보고 싶어요
685,20210212,2021,2,12,5,이지연,"이번이 처음 이용인데 주문, 배송면 모~두 만족합니다!!🤗 자주 애용할 것 같아요~역시 머스트잇👍🏻👍🏻"
686,20210212,2021,2,12,5,레이라헤밀턴,항상 잘 사용하고 있어요
687,20210212,2021,2,12,5,염정현,좋아요
688,20210210,2021,2,10,1,James Kim,업데이트하고나서부터 메인화면이 안보여요 안드로이드
689,20210208,2021,2,8,5,문진수,좋아요
690,20210208,2021,2,8,5,andy cho,완전 깔끔해졌네요. 상품볼 때 움짐임도 부드러워졌어요!!
691,20210208,2021,2,8,1,김우진,비밀번호 설정 진짜 거지같네요 30분동안 하다가 때려칩니다
692,20210205,2021,2,5,5,ba na (OTL),오 앱이 바뀌었네요~~ 옛날엔 투박하게 동작했는데 자연스럽게 동작하니 사용이 더 편안해 졌네요~~
693,20210205,2021,2,5,5,남남,오랜만에 왔더니 많이 바뀌었네요 우선 메인이 깔끔해져서 더 앱을 보게 되는데 특히 리뷰가 좋아서 저도 사고 싶어지는게 엄청 많아졌어요 ㅋㅋㅋㅋㅋ
694,20210203,2021,2,3,1,김민들레,"카카오톡,네이버 로그인이 안되요 ㅡㅜ 에러만뜨고 뭔가요?"
695,20210202,2021,2,2,1,가가가,밑에도 그런 리뷰가있던데 카카오인증하고 그다음으로 넘어가지도 않으며 기존아이디 비밀번호찾기도 계속안됩니다 일치하는정보가없다면서요 휴 어플좀 신경좀쓰세요제발.. 테스트해봤는데 말짱하다는 소리하지마시고
696,20210202,2021,2,2,5,끼익끼익,굿
697,20210201,2021,2,1,4,강석영,마음에 들어요
698,20210125,2021,1,25,5,김태윤,저렴하게 비교하고 정품만취급하니 믿을수있어요
699,20210123,2021,1,23,1,강해진,사려니까 결제오류남 재접해도 계속 이럼ㅋㅋ
700,20210122,2021,1,22,5,이정현,좋아여
701,20210119,2021,1,19,4,박기태,다좋아요 가격도 괜찮구.. 근데 렉이좀.. ㅜㅜ
702,20210116,2021,1,16,5,이은주,굿
703,20210115,2021,1,15,5,최우성,좋네요
704,20210110,2021,1,10,5,kyumin lee,이곳 사이트 확실한 정품 맞나요????
705,20210110,2021,1,10,1,김태호,아니 카카오톡으로 로그인하면 카카오톡 인증완료됬다고만뜨고 로그인되지도않고 뭐 어쩌라는거야
706,20210108,2021,1,8,1,윤재원,비밀번호 찾기가 안돼요 403어쩌고 뜨면서 인터넷에서도 안되고 앱에서까지 이러네요
707,20210101,2021,1,1,5,전윤호,좋아요
708,20201230,2020,12,30,5,전성민,좋네요 ㅎㅎ
709,20201230,2020,12,30,5,Jihwan Kim,좋습니다
710,20201227,2020,12,27,5,김지수,좋은거같아요
711,20201226,2020,12,26,5,녹대,제품 좋고 배송도 빠르고
712,20201223,2020,12,23,5,박태원,좋아여
713,20201223,2020,12,23,5,Juseok Oh,국내에서 재고가 없는 상품 찾기 너무 좋습니다
714,20201223,2020,12,23,5,박민찬,파정만 판매하는 곳이니 비싸도 믿고 구매
715,20201222,2020,12,22,5,이준호,굳
716,20201219,2020,12,19,5,후니,좋은제품 저렴히 살수있어어 좋네요
717,20201218,2020,12,18,5,도언오,굳
718,20201217,2020,12,17,5,Taewook Kim,너무 편합니다. 사용자 이용 편의성 굿
719,20201213,2020,12,13,5,땅땅이,Good
720,20201210,2020,12,10,4,중섭,좋아요~~~~~~~
721,20201210,2020,12,10,5,진수완,좋아요
722,20201208,2020,12,8,5,최민석,너무 좋네요
723,20201206,2020,12,6,5,손선균,좋아요! ㅋㅋ ㅋㅋㅋ ㅋㅋㅋ
724,20201205,2020,12,5,4,황애령,좋은데 같은 물건에 가격이 다 너무 재각각이라ㅜ
725,20201205,2020,12,5,5,classic the brown,좋아요
726,20201204,2020,12,4,5,이규동,굿굿
727,20201203,2020,12,3,5,이진석,좋아요
728,20201201,2020,12,1,5,이무이,좋아요
729,20201130,2020,11,30,5,Young,"믿고 샀고 앞으로도 믿고 살 예정이에요. ""머스트잇은 파정이다"" 라는 말이 변치 않는 한 계속 살거에요."
730,20201128,2020,11,28,5,나성엽,합리적인 가격대에 원하는 제품을 샀네요 만족합니다
731,20201127,2020,11,27,5,이모세,👍
732,20201126,2020,11,26,5,김용관,좋아요
733,20201126,2020,11,26,5,이안TV다이어트캠프,보기편해요
734,20201125,2020,11,25,5,장창석,좋아요
735,20201125,2020,11,25,4,김용욱,아이템이 많아서 좋음
736,20201122,2020,11,22,5,김명훈,굿
737,20201121,2020,11,21,5,Nice Timing,좋아해요
738,20201119,2020,11,19,4,윤노노,좋아요
739,20201118,2020,11,18,5,바바,굳
740,20201115,2020,11,15,5,박상희,너무 좋아요
741,20201114,2020,11,14,4,민우.,좋음
742,20201114,2020,11,14,5,열린학생.,기모찌
743,20201113,2020,11,13,4,Studio Y,"다 좋은데 렉이 너무 심해요. 판매자하고 메세지를 주고 받을때 같은내용으로 4~5개씩 가는건 기본이고, 앱 튕기는 것도... 다반수네요... 핸드폰은 Z플립입니다.ㅜㅜ"
744,20201113,2020,11,13,5,이준수,Hhh
745,20201111,2020,11,11,5,TheDaramz,좋아요 ㅋ
746,20201110,2020,11,10,5,김태훈,개꿀
747,20201109,2020,11,9,5,miss woo,최고
748,20201108,2020,11,8,5,최미혜,갖고싶은 제품을 저렴하게 구매했어여
749,20201108,2020,11,8,5,김건범,젛다
750,20201108,2020,11,8,5,보영인베스트먼트,적극추천합니다.
751,20201106,2020,11,6,5,한상현,다른 앱보다 상품이 많아 좋다
752,20201104,2020,11,4,5,이기준,믿을수있는곳
753,20201101,2020,11,1,5,유수영,좋음
754,20201030,2020,10,30,5,김건우,좋아요
755,20201030,2020,10,30,5,홍이아빠ت,인생 최애앱이다... 내 첫 명품 여기서 지른다
756,20201030,2020,10,30,1,권순찬,회원 가입 해도 로그인이 안되네요.......^^
757,20201028,2020,10,28,5,정민교,가성비좋고 이벤트도많아서좋아요
758,20201025,2020,10,25,5,두찬영,잘 쓰고 있어요 좋습니다 ㅎ
759,20201025,2020,10,25,5,강형섭,유명브랜드를 싸고눈쉽게구입이편해요
760,20201021,2020,10,21,5,좀깡.,명품은 명품인듯
761,20201021,2020,10,21,3,오찬민,정품인가요?
762,20201021,2020,10,21,1,김은진,앱 안정화 좀..
763,20201017,2020,10,17,5,유성욱,물건도 가격도 맘에들고 배송도 빨라서 너무 좋네요
764,20201013,2020,10,13,1,JH J,댓글알바 쓰지말고 그 돈으로 앱 업데이트나 해라. 자동로그인은 되지도 않는데 왜 있는거냐?
765,20201011,2020,10,11,5,김성호,좋아욤
766,20201011,2020,10,11,5,황영빈,굿
767,20201010,2020,10,10,5,유민준,종류가 많다
768,20201008,2020,10,8,5,골라잡상원,아주편해요
769,20201008,2020,10,8,5,둥근수박,믿고 삽니다
770,20201005,2020,10,5,4,유중환,쓸만합니다
771,20201005,2020,10,5,5,최승호,좋아요
772,20201004,2020,10,4,4,고래바밤바,빠르고 괜찮아요
773,20201002,2020,10,2,5,양미스터,너무좋아요.
774,20201001,2020,10,1,5,선풍기,좋아요
775,20201001,2020,10,1,5,김준영,너무좋아요
776,20201001,2020,10,1,5,dh y,굿
777,20200929,2020,9,29,5,이동엽,좋네요 :)
778,20200928,2020,9,28,4,최영선,좋습니다
779,20200923,2020,9,23,5,나까롱,상품별 카테고리 분류가 보기좋습니다
780,20200923,2020,9,23,5,Google 사용자,굿
781,20200923,2020,9,23,5,이미애,굳굳좋아요
782,20200922,2020,9,22,5,허재혁,좋아요~
783,20200922,2020,9,22,5,한승동,아주아주 좋은어플~~
784,20200920,2020,9,20,5,양주혁,굿
785,20200920,2020,9,20,5,문종민,네이버로 로그인해서 사용중인데 어플을 종료하고 다시 켜보면 로그아웃되어있는데 이거 수정안될까요?
786,20200920,2020,9,20,5,권순범,굿
787,20200920,2020,9,20,5,박상기,괜찮네여
788,20200918,2020,9,18,5,삭제안된계정,별 다섯개 처음준다 받아라
789,20200917,2020,9,17,5,J_EUN kim,편리합니다
790,20200915,2020,9,15,5,김보라,굳
791,20200914,2020,9,14,5,박제노,저렴하니 굿
792,20200912,2020,9,12,5,준호빵찐빵,굿
793,20200910,2020,9,10,5,홍지연,문제 없이 빠르게 잘 도착했습니다
794,20200910,2020,9,10,5,배삼훈,좋아ㅛ
795,20200909,2020,9,9,5,송석준,다른 명품보다 많아 세일을 해서 좋고 하루마다 40~50프로 할인하는게 나와서 더욱 좋습니다 명품은 여기서 사는게훨신 이득이네요
796,20200908,2020,9,8,5,heeseok King,괜찮은편
797,20200908,2020,9,8,5,정승우,원하는 치수 를검색하면 편하고좋을거같은대없어가지고 사이즈찾기너무불편해요
798,20200902,2020,9,2,5,윤지환,굿
799,20200831,2020,8,31,5,물생활초보,타 어플에 비해 상세한 상품정보와 배송 빠름ㅠㅠ
800,20200830,2020,8,30,5,예찬,굳
801,20200828,2020,8,28,4,최성욱,편함
802,20200826,2020,8,26,5,삼학대장,좋아요
803,20200821,2020,8,21,5,Rabbit Time,사용하기편하고 잘쓰고 있어요
804,20200820,2020,8,20,4,정제희,좋은상품 많은거같아요
805,20200817,2020,8,17,5,김준수,조아요
806,20200814,2020,8,14,5,김민서,정품믿고 구매할수있어좋음
807,20200814,2020,8,14,5,Sung-min Kim,좋아요
808,20200813,2020,8,13,3,Damián phochés,앱이 안정화가 덜 되어 있어요. 그리고 자동 로그인이 안되요 앱에 들어갈 때 마다 로그인 해야 되요ㅠ
809,20200811,2020,8,11,5,Jae Woo Lee,다양한 브랜드와 좋은제품이 많네요. 좋아요^^
810,20200810,2020,8,10,5,맨굿,좋아요. 편해요
811,20200805,2020,8,5,5,이학진,굿
812,20200804,2020,8,4,4,오준석,좋아요~
813,20200804,2020,8,4,5,mario,좋아요 많이 애용하세요~~
814,20200804,2020,8,4,5,국지윤,😀
815,20200802,2020,8,2,5,오일환,좋아요
816,20200802,2020,8,2,5,유경혁,굿
817,20200730,2020,7,30,5,정제훈,좋아좋아좋아!!!
818,20200721,2020,7,21,5,임원주,좋아요
819,20200718,2020,7,18,5,김상민,좋아여 믿을만하구
820,20200715,2020,7,15,5,Kyuhyun Kim,일단 제가 가지고 싶은 물건들(다양한 브랜드) 를 한번에 볼수있어서 너무 편리해요. 다양한 판매자들이 똑같은 상품을 다른가격으로 판매하는게 소비자들에게는 더 저렴한 가격으로 상품을 구매할수있는게 최대 장점인거 같아요. 가끔 카드 행사 하는데 고객이 직접 카드결제할때 할인 받아야되는게 아쉬워요... 삼성카드로 결제했는데 15000원 할인 실수로 못받았네요... 그래도 머스트잇 앱은 진짜 유용하게 잘 쓰고 있습니다.
821,20200714,2020,7,14,4,황영진,검색하면 인기순으로 나오면 좋을 것 같아요 ㅠㅠ
822,20200712,2020,7,12,5,백진우,굿
823,20200709,2020,7,9,5,히유웅,정품인증확실해요 ㅎㅎ
824,20200707,2020,7,7,5,최유리,쉽고친절하고굿굿
825,20200704,2020,7,4,5,김태성,너무 똑같은 종류의 옷만 추천해주네요
826,20200704,2020,7,4,5,이술현,좋아용
827,20200628,2020,6,28,5,SexyBBack,다양하고좋네요:)
828,20200624,2020,6,24,5,김쿠키,잔렉 아직까지 없고 괜찮아요
829,20200621,2020,6,21,5,요술쟁이,신발선물하고 이쁨 받았어요ㅎ 배송도 빨라서 좋구 상담도 바로되서 좋더라구요
830,20200620,2020,6,20,1,이태원,앱 실행이 안돼요
831,20200619,2020,6,19,5,김남천,좋아요
832,20200618,2020,6,18,5,s j,사용도 편하고 좋아요
833,20200612,2020,6,12,5,태코Taekko,명품 인증되고 가격도 착하고..최고!!
834,20200611,2020,6,11,4,김동민,전체적으로 앱 서비스가 너무 편리하고 좋아요
835,20200609,2020,6,9,5,syg,믿고 구매 가능 배송도 빠름
836,20200608,2020,6,8,5,고민호,상품도 다양하고 가격도 저렴해요
837,20200608,2020,6,8,5,김주원,조아요
838,20200607,2020,6,7,5,남지철,짭없는게 좋음. 가격보다 사이트 믿고 많이 삼
839,20200606,2020,6,6,4,최재원,들어갈 때마다 로그인해야 하네요. 초기 1회만 로그인한 뒤 쭉 사용할 수 있으면 좋겠습니다.
840,20200605,2020,6,5,5,최원준,믿을수있어서 좋아요 ㅋ 😀
841,20200605,2020,6,5,5,박진영,긴말안함 신뢰
842,20200605,2020,6,5,5,저거 남자여자 바뀐거자너ᄏᄏ아놔기택,굿
843,20200604,2020,6,4,5,지휴,레후
844,20200603,2020,6,3,5,최재욱,그냥 다좋음 좋은데 이유가있나
845,20200602,2020,6,2,5,주효진,굿
846,20200531,2020,5,31,5,이민준,Gg
847,20200531,2020,5,31,4,auv L,"현직 정가품 구별직 종사하고 있는 사람입니다. 익명으로 들어가서 구매 해보았는데 정품으로 판정되었습니다. 믿고 구매하시길 바랍니다. 1. 업무 처리 ☆☆☆☆ 2. 향후 서비스 ☆☆☆☆☆ 3. 어플리케이션 내 시스템(검색창,검색필터) ☆☆☆☆ 4. 정확한 정 가품 판매자 구별 ☆☆☆☆ 총점 80/85 명품 쇼핑몰 - [비추천 / ((추천))]"
848,20200530,2020,5,30,5,김미경,👍
849,20200528,2020,5,28,1,이동구,사이즈별로 검색하는 기능이 없어서 별로네요 이거쓸바에 다른어플이 나은듯
850,20200527,2020,5,27,5,김동건,너무좋아욤
851,20200527,2020,5,27,5,박정훈,핫딜도 많이하고 괜찮음
852,20200527,2020,5,27,5,황황지평,배송도 빠르고 가격도 만족합니다
853,20200526,2020,5,26,5,이석영,믿을만한 앱이에요!
854,20200524,2020,5,24,5,자민,개좋음
855,20200523,2020,5,23,5,이지은,좋아여
856,20200521,2020,5,21,5,춤추는코준이,좋아요
857,20200521,2020,5,21,5,블루스카이,좋음
858,20200520,2020,5,20,5,사람이사람답게,좋아요
859,20200520,2020,5,20,5,안상철,굿
860,20200520,2020,5,20,5,강해숙,믿음이가요
861,20200519,2020,5,19,5,아키엄마,최고입니다^^
862,20200516,2020,5,16,5,이건,굿
863,20200515,2020,5,15,4,림프의지니tv,비싼듯
864,20200515,2020,5,15,3,박민수,다른앱들보단ㄱㅊ은듯
865,20200515,2020,5,15,4,최병선,굿
866,20200515,2020,5,15,5,이궁,좋아요
867,20200513,2020,5,13,5,장하은,좋아여
868,20200513,2020,5,13,5,Sungho Kim,정말 좋아요
869,20200513,2020,5,13,5,건조,오프화이트 제품들은 다진품인가요?
870,20200513,2020,5,13,5,조성래,굿굿
871,20200512,2020,5,12,5,박경진,좋아요.
872,20200512,2020,5,12,4,이대광,잘사용하고있습니다~
873,20200510,2020,5,10,5,전서연,아직구매는 않했지만 가격이 좋아요~
874,20200510,2020,5,10,5,jong jin Keum,좋아요
875,20200504,2020,5,4,4,강지훈,소소
876,20200503,2020,5,3,5,김하랑,적당한 가격과 여러가지 브랜드의 조합이 잘되어있어요 리얼 강추!
877,20200430,2020,4,30,5,오다리길죠,명품은 역시 머스트잇
878,20200427,2020,4,27,5,Google 사용자,굿
879,20200427,2020,4,27,5,Google 사용자,굿
880,20200426,2020,4,26,4,Google 사용자,좋아요
881,20200424,2020,4,24,5,Google 사용자,옷 굿임
882,20200422,2020,4,22,1,Google 사용자,페이지안넘어감 ㅆㄹㄱ
883,20200422,2020,4,22,5,Google 사용자,백화점에서도 구매하기힘든제품이많아서 좋습니다
884,20200422,2020,4,22,5,Google 사용자,굳
885,20200421,2020,4,21,5,Google 사용자,조아요
886,20200420,2020,4,20,5,Google 사용자,좋아요
887,20200420,2020,4,20,5,Google 사용자,👍👍👍
888,20200419,2020,4,19,5,Google 사용자,좋아요
889,20200415,2020,4,15,5,Google 사용자,일단좋음
890,20200414,2020,4,14,5,Google 사용자,너무나도 좋아요
891,20200414,2020,4,14,5,Google 사용자,좋아요
892,20200414,2020,4,14,5,Google 사용자,아주좋습니다
893,20200412,2020,4,12,5,Google 사용자,배송도 빠르고 가격도 괜찮아서 좋아요
894,20200412,2020,4,12,5,Google 사용자,보기 편해요
895,20200411,2020,4,11,5,Google 사용자,서치굿 근디 중고및 시제품표기좀 확실하게
896,20200411,2020,4,11,5,Google 사용자,신발 2켤래 둘다 잘받았습니다 의심스러운건 저는 가입한적이 없는데 가입이되있더라구요??? 내가 가입을 했나?? 하면서 보니까 주소도 제 집주소네요.. 아마 제가 명품을 그렇게사고싶엇나봐요 옛날에 ㅋㅋㅋㅋ신발 잘신고다닙니다 다만 불편한점은 판매자 기록 보는게 약간불편하네요 약간 보기쉽게 바뀌면 좋겠습니다
897,20200410,2020,4,10,4,Google 사용자,믿고 살 수 있는 명품들!!다만 확실하고 정확한 인증이 있으면 좋겠습니다!!
898,20200410,2020,4,10,5,Google 사용자,귯국굿굿
899,20200410,2020,4,10,5,Google 사용자,개뚤이
900,20200407,2020,4,7,5,Google 사용자,종류많고저렴편하게 구입함
901,20200404,2020,4,4,5,Google 사용자,굿
902,20200404,2020,4,4,5,Google 사용자,좋아요 . ....
903,20200404,2020,4,4,5,Google 사용자,아주좋음
904,20200403,2020,4,3,5,Google 사용자,긋긋긋
905,20200331,2020,3,31,5,Google 사용자,명품에 대해 흥미를 느낄수있다
906,20200331,2020,3,31,5,Google 사용자,사이트 좋아서 5번 넘게 구매함
907,20200330,2020,3,30,5,Google 사용자,굿
908,20200330,2020,3,30,4,Google 사용자,나는자랑스런
909,20200329,2020,3,29,1,Google 사용자,사이즈 표기좀 똑바로해놔
910,20200328,2020,3,28,5,Google 사용자,좋아요 판매자상세사진들이많았으면
911,20200327,2020,3,27,5,Google 사용자,좋아요^^
912,20200327,2020,3,27,5,Google 사용자,그냥 뭐... 쓸만하고 좋아요~~^ 명품에 관심이 많기도 하고
913,20200322,2020,3,22,5,Google 사용자,그냥 좋네요 ㅎ
914,20200321,2020,3,21,5,Google 사용자,굽좝 베리베리 굿좝 이네요 답변 재미있게 부탁드려요
915,20200321,2020,3,21,5,Google 사용자,최고
916,20200321,2020,3,21,5,Google 사용자,너무앱이좋와요^^
917,20200321,2020,3,21,5,Google 사용자,잘삿뜸
918,20200320,2020,3,20,5,Google 사용자,좋아요
919,20200316,2020,3,16,5,Google 사용자,좋습니당
920,20200315,2020,3,15,5,Google 사용자,좋음
921,20200315,2020,3,15,5,Google 사용자,조금 로딩이 느리지만 좋네요
922,20200308,2020,3,8,5,Google 사용자,고객센터 친절합니다
923,20200305,2020,3,5,5,Google 사용자,굳
924,20200301,2020,3,1,5,Google 사용자,너무 깔끔하고 좋아요
925,20200223,2020,2,23,5,Google 사용자,좋아요~
926,20200220,2020,2,20,5,Google 사용자,굿굿굿
927,20200220,2020,2,20,5,Google 사용자,싸고정품
928,20200218,2020,2,18,5,Google 사용자,좋아요
929,20200217,2020,2,17,5,Google 사용자,좋아요
930,20200217,2020,2,17,5,Google 사용자,아주좋아요잉
931,20200217,2020,2,17,5,Google 사용자,굳
932,20200216,2020,2,16,5,Google 사용자,굳
933,20200215,2020,2,15,5,Google 사용자,좋음
934,20200214,2020,2,14,5,Google 사용자,너무좋네요 ㅎㅎ진짜정품만 파는거겠죠 그랬음좋겠어요...
935,20200214,2020,2,14,5,Google 사용자,아주 좋아요
936,20200213,2020,2,13,5,Google 사용자,주문도 빠른편이고 짭이 아예 없어요
937,20200211,2020,2,11,5,Google 사용자,첫인상 첫만남 좋았다! ㅋ
938,20200211,2020,2,11,5,Google 사용자,그냥 한방에 찾을수 있는점이 너무 좋아요!
939,20200210,2020,2,10,5,Google 사용자,저렴하게 오지게 많이 올라옴
940,20200207,2020,2,7,2,Google 사용자,멀 계속 네트워크가 끊기고 로그인이 필요하데
941,20200206,2020,2,6,4,Google 사용자,"전체적으로 만족하지만, 사이즈 별 분류를 못 하는게 아쉽습니다"
942,20200204,2020,2,4,5,Google 사용자,다 정품인거 확실하죠??
943,20200204,2020,2,4,4,Google 사용자,켤 때마다 로그인 다시해야하는 부분 제외하고 괜찮습니다
944,20200204,2020,2,4,4,Google 사용자,버벅이는거 없이 깔끔함
945,20200202,2020,2,2,5,Google 사용자,사고 싶은 물건을 살 수 있어서 좋았네요 ㅎㅎ
946,20200202,2020,2,2,5,Google 사용자,좋음
947,20200201,2020,2,1,5,Google 사용자,좋아여
948,20200130,2020,1,30,5,Google 사용자,굳
949,20200129,2020,1,29,5,Google 사용자,사기가 없음 거의
950,20200129,2020,1,29,5,Google 사용자,좋음
951,20200127,2020,1,27,5,Google 사용자,다 좋은데 카테고리에서 남성을 고르고 찾아도 여성제품도 같이나오는 오류내지 실수가 있네요 수정 부탁 드립니다
952,20200127,2020,1,27,5,Google 사용자,좋음
953,20200127,2020,1,27,5,Google 사용자,굿
954,20200125,2020,1,25,1,Google 사용자,판매자 가입 힘듬 아이디 두개 만들고 가입하다 결국 안함 전문판매자 아니면 잘 안할듯
955,20200124,2020,1,24,5,Google 사용자,구매하기 좋아요 편해용
956,20200124,2020,1,24,5,Google 사용자,옷이많아요
957,20200122,2020,1,22,4,Google 사용자,유용합니다.
958,20200122,2020,1,22,5,Google 사용자,좋아요
959,20200121,2020,1,21,5,Google 사용자,굿
960,20200120,2020,1,20,1,Google 사용자,무슨 다운받자 마자 들어가니 어이없게 네트워크 상태 확인하라고 뜸ㅋㅋㅋ 이건 무슨 경우임? 아니..이러면 날더러 무슨 앱을 보라고 폰이 꼴통인것도 아닌데 재 시도로 2번 지웠다 깔아도 안됨 오류좀 고쳐주세요 ^^
961,20200119,2020,1,19,5,Google 사용자,"2개제품구매,믿구구매합니다^^"
962,20200119,2020,1,19,5,Google 사용자,좋음
963,20200119,2020,1,19,5,Google 사용자,너무 좋네요
964,20200118,2020,1,18,5,Google 사용자,굳
965,20200117,2020,1,17,5,Google 사용자,매우 굿!!
966,20200115,2020,1,15,5,Google 사용자,"연관상품 추천기능, 상세검색 기능, 판매자 판매이력 등 좋네요ㅎㅎ"
967,20200115,2020,1,15,5,Google 사용자,잘 쓰고있습니다. 가품걱정없이 명품을 살 수 있어 좋아요!
968,20200114,2020,1,14,5,Google 사용자,좋아요
969,20200114,2020,1,14,5,Google 사용자,굿
970,20200113,2020,1,13,5,Google 사용자,브랜드가 여러가지가 있어서 좋아요
971,20200109,2020,1,9,5,Google 사용자,굉장한 상품들 맘에드네요
972,20200104,2020,1,4,5,Google 사용자,굿
973,20200103,2020,1,3,5,Google 사용자,와 좋아요
974,20200102,2020,1,2,5,Google 사용자,보기 깔끔
975,20200101,2020,1,1,5,Google 사용자,좋아요. 정품인걸 보장받을수 있으면서도 같은제품을 더 저렴한 가격으로 구매가능하고 가격비교도 되서 정말 유용합니다.
976,20191230,2019,12,30,5,Google 사용자,좋아유
977,20191230,2019,12,30,5,Google 사용자,좋아요
978,20191229,2019,12,29,2,Google 사용자,앱은 편리하고 좋습니다. 다만 자꾸 로그아웃이 되네요. 로그인을 하고 둘러보는 중에도 갑자기 로그아웃이 되고 앱을 종료 했다가 다시 켜도 로그아웃이 되고 이 부분들만 고쳐 주셨으면 합니다.
979,20191225,2019,12,25,5,Google 사용자,굿굿
980,20191225,2019,12,25,5,Google 사용자,다적당한거같아서좋아요~
981,20191222,2019,12,22,5,Google 사용자,굿
982,20191222,2019,12,22,5,Google 사용자,머스트잇은 믿고 쓸 수 있죵
983,20191221,2019,12,21,4,Google 사용자,굿
984,20191220,2019,12,20,5,Google 사용자,명품구매하기엔 이 어플만한 어플 없습니다.
985,20191219,2019,12,19,5,Google 사용자,좋아요
986,20191218,2019,12,18,5,Google 사용자,좋네요
987,20191218,2019,12,18,5,Google 사용자,해외배송이 대부분인것같지만 가품이 없을것이라는 믿음이 가장 좋은것 같아요 ㅎㅎ
988,20191217,2019,12,17,5,Google 사용자,굿
989,20191211,2019,12,11,5,Google 사용자,빠른배송 보기편한 레이아웃
990,20191211,2019,12,11,5,Google 사용자,좋아요
991,20191209,2019,12,9,5,Google 사용자,바쁜시간 편리하게 쇼핑해요
992,20191207,2019,12,7,5,Google 사용자,굳뜨
993,20191207,2019,12,7,5,Google 사용자,좋아요
994,20191206,2019,12,6,5,Google 사용자,좋아요~~
995,20191205,2019,12,5,5,Google 사용자,좋아요
996,20191205,2019,12,5,5,Google 사용자,굿
997,20191204,2019,12,4,5,Google 사용자,깔끔하게 정리되어있어서 사용하기 좋아요
998,20191204,2019,12,4,5,Google 사용자,분류도 잘되있고 다 상품도 괜찮은것같아요!!
999,20191203,2019,12,3,5,Google 사용자,짱조음
1000,20191128,2019,11,28,5,Google 사용자,너무 좋습니다
1001,20191126,2019,11,26,5,Google 사용자,조앙
1002,20191126,2019,11,26,5,Google 사용자,굳
1003,20191118,2019,11,18,5,Google 사용자,앱 괜찮아요 친절하구 ㅎ
1004,20191112,2019,11,12,5,Google 사용자,의심없이살수있어서 좋아요
1005,20191112,2019,11,12,5,Google 사용자,좋아요^^
1006,20191109,2019,11,9,5,Google 사용자,굳
1007,20191109,2019,11,9,5,Google 사용자,너무조아여
1008,20191106,2019,11,6,5,Google 사용자,아앙아앙 거모띠
1009,20191105,2019,11,5,5,Google 사용자,마음에들어요
1010,20191105,2019,11,5,5,Google 사용자,굿
1011,20191104,2019,11,4,5,Google 사용자,찾는모델들이 바로바로나옵니등
1012,20191103,2019,11,3,5,Google 사용자,좋네요
1013,20191103,2019,11,3,5,Google 사용자,명품싸게 살수있어서 조하욤
1014,20191103,2019,11,3,5,Google 사용자,편합니다.
1015,20191101,2019,11,1,5,Google 사용자,좋아요~~ 상품도 다양하고 가격도 좋고
1016,20191031,2019,10,31,5,Google 사용자,아직까진 믿을만함
1017,20191030,2019,10,30,5,Google 사용자,져아요
1018,20191030,2019,10,30,4,Google 사용자,좋아요
1019,20191030,2019,10,30,4,Google 사용자,"빠른 배송, 제품 상태 등"
1020,20191030,2019,10,30,5,Google 사용자,가격은 비싸나 믿고 구매할수 있는곳
1021,20191030,2019,10,30,5,Google 사용자,좋아욧
1022,20191029,2019,10,29,5,Google 사용자,와우
1023,20191029,2019,10,29,5,Google 사용자,굿
1024,20191029,2019,10,29,5,Google 사용자,좋아요
1025,20191028,2019,10,28,5,Google 사용자,아주좋습니다
1026,20191028,2019,10,28,2,Google 사용자,지금 앱에들어가지도 못하고있어요 그리고 상품을 볼때 오류도 가끔뜨고 느린거같아요 하지만 믿고 사용할수있어서 좋은거같아요
1027,20191027,2019,10,27,5,Google 사용자,좋아요
1028,20191027,2019,10,27,5,Google 사용자,믿을만한 쇼핑몰입니다
1029,20191026,2019,10,26,5,Google 사용자,좋아요
1030,20191022,2019,10,22,5,Google 사용자,좋아요
1031,20191019,2019,10,19,5,Google 사용자,쓸만함
1032,20191016,2019,10,16,5,Google 사용자,너무좋아요배송도빠르고
1033,20191016,2019,10,16,5,Google 사용자,좋음
1034,20191014,2019,10,14,5,Google 사용자,아주굿
1035,20191013,2019,10,13,5,Google 사용자,정리가 잘되있네요
1036,20191012,2019,10,12,5,Google 사용자,굿
1037,20191009,2019,10,9,4,Google 사용자,굳
1038,20191009,2019,10,9,5,Google 사용자,굿
1039,20191009,2019,10,9,3,Google 사용자,다운로드가안되요
1040,20191007,2019,10,7,5,Google 사용자,좋음
1041,20191007,2019,10,7,1,Google 사용자,안들어가지고 로그인도 안되고 하얀화면만 나와요;
1042,20191007,2019,10,7,1,Google 사용자,회원가입에서 계속 튕김 앱삭제함 그래서
1043,20191005,2019,10,5,5,Google 사용자,괜찬음
1044,20191005,2019,10,5,5,Google 사용자,좋아요 ㅎㅎ
1045,20191004,2019,10,4,4,Google 사용자,저는 좋았어용
1046,20191004,2019,10,4,5,Google 사용자,좋아요
1047,20191003,2019,10,3,5,Google 사용자,좋아요
1048,20191002,2019,10,2,5,Google 사용자,편리하고 좋아요
1049,20191002,2019,10,2,5,Google 사용자,너무 좋아요
1050,20190930,2019,9,30,5,Google 사용자,좋아유
1051,20190930,2019,9,30,5,Google 사용자,이것저것 비교하기 보다 여기서 한번에 볼수 있어 좋습니다.
1052,20190928,2019,9,28,5,Google 사용자,파정
1053,20190928,2019,9,28,5,Google 사용자,굿좋아요
1054,20190927,2019,9,27,5,Google 사용자,정품사이트
1055,20190926,2019,9,26,5,Google 사용자,말이 필요없이 최고
1056,20190925,2019,9,25,5,Google 사용자,원래 리뷰작성안하는데 너무 맘에들어서 하게되네요! 너무 좋아요!
1057,20190924,2019,9,24,5,Google 사용자,좋음
1058,20190922,2019,9,22,5,Google 사용자,좋아용 진짜
1059,20190922,2019,9,22,5,Google 사용자,잘사용해볼게요
1060,20190922,2019,9,22,5,Google 사용자,좋아요
1061,20190921,2019,9,21,4,Google 사용자,사용하기 편리한데 약간 소프트웨어가 느린거 같아요 속도 개선좀 해주셨으면 좋겠어요 (5g와이파이 연결했고 기종 s10 lte 512gb)
1062,20190920,2019,9,20,5,Google 사용자,좋아용
1063,20190920,2019,9,20,5,Google 사용자,너무 좋다 이 앱
1064,20190919,2019,9,19,5,Google 사용자,좋아요
1065,20190919,2019,9,19,5,Google 사용자,제품 배송도 빠르고 좋아요
1066,20190919,2019,9,19,4,Google 사용자,로그인때문에 가끔 유지를 한다해도 로그아웃됩니다
1067,20190918,2019,9,18,5,Google 사용자,좋아요
1068,20190918,2019,9,18,1,Google 사용자,진짜 구매시스템 그지같네요 제발 페북 간편아이디로 아무리구매를해도 계속오류가뜨는데 사고싶어도 사기싫어지네요
1069,20190918,2019,9,18,5,Google 사용자,문의가 빠르고 좋아요
1070,20190918,2019,9,18,5,Google 사용자,굳
1071,20190917,2019,9,17,3,Google 사용자,지금 앱자체가 안들어가지는데 무슨일이죠? 빠른정정부탁드립니다
1072,20190917,2019,9,17,3,Google 사용자,하...로그인오류는 그렇다치고..갑자기 왜 로딩이안될까융..ㅜㅜ 어플 지웠다가 다시깔아도 폰껐다가켜도 화면이 안켜져융..ㅜ
1073,20190917,2019,9,17,3,Google 사용자,앱은 너무 좋아요 가격도 저렴하고 분류도 깔끔하고 종류도 많아요 근데 진짜 너무 느려요 관심상품 한번 들어가려면 10초씩 기다려야하고 원하는 상품 보려고 누르면 또 로딩걸리고ㅠ
1074,20190916,2019,9,16,5,Google 사용자,좋아요
1075,20190915,2019,9,15,5,Google 사용자,좋네요 ㅎㅎ
1076,20190912,2019,9,12,5,Google 사용자,진작에 알았으면좋았을텐데ㅜㅜ
1077,20190909,2019,9,9,5,Google 사용자,편리해서 좋아요
1078,20190907,2019,9,7,4,Google 사용자,예전에많이썼는데 괜찮았음
1079,20190906,2019,9,6,5,Google 사용자,굿
1080,20190905,2019,9,5,5,Google 사용자,전부 정품인가요?
1081,20190904,2019,9,4,5,Google 사용자,굿
1082,20190904,2019,9,4,5,Google 사용자,좋앙
1083,20190904,2019,9,4,4,Google 사용자,굿
1084,20190904,2019,9,4,5,Google 사용자,좋아요
1085,20190904,2019,9,4,5,Google 사용자,아주 유용하게 이용하고 있습니다
1086,20190903,2019,9,3,5,Google 사용자,가방할부안끝남
1087,20190902,2019,9,2,5,Google 사용자,배송도빠르고 상품도 좋네요 만족합니다
1088,20190902,2019,9,2,4,Google 사용자,좋습니다
1089,20190902,2019,9,2,5,Google 사용자,이렇게 앱으로 있어서 좋네요
1090,20190902,2019,9,2,4,Google 사용자,좋아하는 브랜드가 한눈에 쏙옥~
1091,20190901,2019,9,1,5,Google 사용자,Good
1092,20190830,2019,8,30,5,Google 사용자,직구보다 편해요
1093,20190828,2019,8,28,5,Google 사용자,좋음 ㄹㅇ
1094,20190827,2019,8,27,1,Google 사용자,노트 10쓰는데 로그인하려고 하면 앱이 종료되네요;
1095,20190823,2019,8,23,5,Google 사용자,너무 친절해요
1096,20190821,2019,8,21,4,Google 사용자,가끔 멈춰여
1097,20190819,2019,8,19,5,Google 사용자,좋아유 ㅎㅎ
1098,20190817,2019,8,17,5,Google 사용자,굳
1099,20190814,2019,8,14,5,Google 사용자,인터페이스가 깔끔해서 좋아요
1100,20190813,2019,8,13,5,Google 사용자,굿
1101,20190812,2019,8,12,5,Google 사용자,넘나좋아요 배송도 빠르구요~!
1102,20190811,2019,8,11,5,Google 사용자,좋아요
1103,20190811,2019,8,11,5,Google 사용자,필웨이앱보다 훨씬 좋음
1104,20190809,2019,8,9,5,Google 사용자,good
1105,20190809,2019,8,9,5,Google 사용자,"가격 , 품질보장 , 고객문의 관리 등 깔끔하게 잘 되어있고 뭐 단점이라면 앱을 킴과동시에 지갑을 열어야 한다는 점,"
1106,20190808,2019,8,8,5,Google 사용자,굿
1107,20190806,2019,8,6,5,Google 사용자,굿
1108,20190806,2019,8,6,5,Google 사용자,좋아용
1109,20190805,2019,8,5,1,Google 사용자,지금 오류 장난 아니에요 며칠전부터 계속 들어갈때마다 아이디 비번 다시 눌러야 합니다
1110,20190805,2019,8,5,4,Google 사용자,좋앙
1111,20190805,2019,8,5,5,Google 사용자,잘 사용해왔는데 요즘 자동로그인이 되질 않아요
1112,20190805,2019,8,5,1,Google 사용자,자동로그인 안되는거 너무 불편합니다 빠른 수정 부탁드려요
1113,20190805,2019,8,5,4,Google 사용자,다 좋은데 개인 사업자가 물품 올리는 거라 매물이 중구난방 난잡하게 올라와 있어요 그것빼고는 개인적으로 다 만족합니다
1114,20190804,2019,8,4,3,Google 사용자,지금 오류나고있어요 로그인 매번할때마다 아이디 입력해야됩니다 자동로그인걸었는데도 안되고요 한번들어갓다 이전가려면 웹사이트에 문제있다고 뜨고요 조속한 조치 해주세요
1115,20190802,2019,8,2,5,Google 사용자,조아연
1116,20190802,2019,8,2,5,Google 사용자,굿
1117,20190801,2019,8,1,5,Google 사용자,좋아요
1118,20190727,2019,7,27,5,Google 사용자,좋아요!
1119,20190726,2019,7,26,4,Google 사용자,좋네요
1120,20190726,2019,7,26,5,Google 사용자,굿굿
1121,20190725,2019,7,25,5,Google 사용자,좋습니다. 배너창이나 카테고리 메뉴가 잘 분류되어 있고 검색하기나 찾아서 보기 편해요. 정품안전성만 잘 보장관리해주시면 문제없을듯
1122,20190725,2019,7,25,1,Google 사용자,네트워크 연결하라고 계속뜨네요 5G인데도 ㅋㅋㅋㅋㅋㅋ 오류인가요?
1123,20190724,2019,7,24,5,Google 사용자,굿
1124,20190724,2019,7,24,5,Google 사용자,직구 배대지 비용 포함하면 비슷한것도 많아서 좋아요
1125,20190723,2019,7,23,5,Google 사용자,마음에드는옷도 저렴하게구매했어요~
1126,20190722,2019,7,22,5,Google 사용자,조아조아
1127,20190721,2019,7,21,5,Google 사용자,굿
1128,20190720,2019,7,20,5,Google 사용자,배송빠르고좋아요
1129,20190719,2019,7,19,5,Google 사용자,프로모션도 많고 상품이 다양합니다
1130,20190719,2019,7,19,4,Google 사용자,좋아요
1131,20190718,2019,7,18,5,Google 사용자,만족합니다
1132,20190718,2019,7,18,5,Google 사용자,플랫폼 깨끗해서보기좋아요
1133,20190717,2019,7,17,5,Google 사용자,조아요
1134,20190717,2019,7,17,5,Google 사용자,겁나 좋네요 짝퉁이 없어요
1135,20190717,2019,7,17,5,Google 사용자,good
1136,20190717,2019,7,17,4,Google 사용자,gg
1137,20190715,2019,7,15,5,Google 사용자,~^^♥
1138,20190713,2019,7,13,5,Google 사용자,배송도 빠르고 상품도 다 만족합니다 굿굿~~
1139,20190712,2019,7,12,5,Google 사용자,비싼 명품의 제품들이 많은데 100% 전부 정품인가요?
1140,20190712,2019,7,12,5,Google 사용자,너무좋아요💕
1141,20190712,2019,7,12,5,Google 사용자,좋은물건 많아요
1142,20190712,2019,7,12,5,Google 사용자,가격도 좋고 좋네요
1143,20190711,2019,7,11,5,Google 사용자,좋아요 아주 조아요
1144,20190711,2019,7,11,5,Google 사용자,굿
1145,20190711,2019,7,11,5,Google 사용자,굿
1146,20190707,2019,7,7,5,Google 사용자,좋습니다 그냥
1147,20190706,2019,7,6,5,Google 사용자,믿고 보는 사이트!!
1148,20190701,2019,7,1,5,Google 사용자,믿을 수 있고 문의에 대한 판매자 응답이 빨라요
1149,20190701,2019,7,1,5,Google 사용자,굿굿 좋은어플
1150,20190630,2019,6,30,5,Google 사용자,믿고사는 짱스트잇
1151,20190628,2019,6,28,5,Google 사용자,"UX도 깔끔하고, 상품 종료도 많고 만족스럽습니다!"
1152,20190627,2019,6,27,5,Google 사용자,좋아요
1153,20190627,2019,6,27,5,Google 사용자,믿고 구매가 가능해서 좋네요
1154,20190627,2019,6,27,5,Google 사용자,굿
1155,20190627,2019,6,27,5,Google 사용자,잘이용하고있어요
1156,20190626,2019,6,26,5,Google 사용자,조아요
1157,20190625,2019,6,25,5,Google 사용자,굿
1158,20190624,2019,6,24,1,Google 사용자,왜 다운이 안되요
1159,20190623,2019,6,23,5,Google 사용자,쉽고 빠름
1160,20190623,2019,6,23,5,Google 사용자,좋아ㅠ
1161,20190620,2019,6,20,5,Google 사용자,걍 좋음
1162,20190619,2019,6,19,5,Google 사용자,👍
1163,20190617,2019,6,17,5,Google 사용자,👍
1164,20190617,2019,6,17,5,Google 사용자,굿
1165,20190616,2019,6,16,5,Google 사용자,1년 넘게 이용하고 여기서만 구매했네요 가품없고 배송좋아서 앞으로도 여기만 이용할려고요
1166,20190616,2019,6,16,5,Google 사용자,ㅈㅎ효ㅡ빙다
1167,20190616,2019,6,16,5,Google 사용자,깔끔하고 이뻐요
1168,20190615,2019,6,15,5,Google 사용자,좋아요
1169,20190615,2019,6,15,5,Google 사용자,긋긋긋
1170,20190615,2019,6,15,3,Google 사용자,카톡로그인이 자꾸 안돼요
1171,20190613,2019,6,13,5,Google 사용자,좋내요 ㅋㅋㅋㅋ
1172,20190611,2019,6,11,2,Google 사용자,카카오계정으로 사용하고있었는데 카카오 로그인이 안되네요
1173,20190610,2019,6,10,5,Google 사용자,저렴함 저렴함
1174,20190608,2019,6,8,5,Google 사용자,굳
1175,20190608,2019,6,8,5,Google 사용자,사용한지 얼마 안되었지만 진짜 잘 정리되어있고 왜 인기있는 사이트가 되었는지 알게 되었습니다
1176,20190607,2019,6,7,5,Google 사용자,굿
1177,20190606,2019,6,6,5,Google 사용자,굳굳
1178,20190605,2019,6,5,5,Google 사용자,조아요
1179,20190604,2019,6,4,5,Google 사용자,물건보기편하고 예쁜거많아요~~
1180,20190604,2019,6,4,5,Google 사용자,굳굳굳굳
1181,20190601,2019,6,1,5,Google 사용자,굳
1182,20190530,2019,5,30,5,Google 사용자,나이스샷 좋은물건많음ㅋ
1183,20190530,2019,5,30,5,Google 사용자,좋습니다
1184,20190530,2019,5,30,5,Google 사용자,정말 사고싶은것만 쏙속모아놓음
1185,20190530,2019,5,30,5,Google 사용자,좋우네요
1186,20190529,2019,5,29,5,Google 사용자,조아요
1187,20190528,2019,5,28,5,Google 사용자,굿
1188,20190527,2019,5,27,5,Google 사용자,좋아요
1189,20190527,2019,5,27,5,Google 사용자,굿
1190,20190527,2019,5,27,5,Google 사용자,굿
1191,20190527,2019,5,27,5,Google 사용자,처음 이용했는데 제품은 아직 못받았지만 좋은거 같아요
1192,20190526,2019,5,26,5,Google 사용자,좋아요
1193,20190526,2019,5,26,5,Google 사용자,좋아요
1194,20190526,2019,5,26,1,Google 사용자,굿
1195,20190525,2019,5,25,5,Google 사용자,좋아요
1196,20190525,2019,5,25,5,Google 사용자,다양한 제품들을 가격대별로 볼수있어좋아요
1197,20190523,2019,5,23,4,Google 사용자,굳
1198,20190521,2019,5,21,5,Google 사용자,한 눈에 보기도 좋고 다양해요
1199,20190521,2019,5,21,1,Google 사용자,쇼핑몰 보고 있는데 자꾸 꺼지더니 이제는 오류나서 들어가지도 못하고 삭제하고 깔아도 똑같은 패턴만 반복되네요..
1200,20190519,2019,5,19,5,Google 사용자,굳
1201,20190518,2019,5,18,5,Google 사용자,"다양한 상품,가격대도 다양"
1202,20190518,2019,5,18,5,Google 사용자,옷이랑 배송 빠르고 좋네요
1203,20190518,2019,5,18,5,Google 사용자,좋아여
1204,20190518,2019,5,18,5,Google 사용자,믿을 수 있노
1205,20190517,2019,5,17,5,Google 사용자,굳
1206,20190517,2019,5,17,5,Google 사용자,굳
1207,20190516,2019,5,16,5,Google 사용자,굳이에요 아주 좋아요
1208,20190516,2019,5,16,5,Google 사용자,좋습니다
1209,20190515,2019,5,15,5,Google 사용자,최고입니다!!
1210,20190515,2019,5,15,5,Google 사용자,굿
1211,20190514,2019,5,14,5,Google 사용자,믿음
1212,20190514,2019,5,14,5,Google 사용자,굿굿
1213,20190513,2019,5,13,5,Google 사용자,매우편하고 바로살수있어서너무좋아요
1214,20190513,2019,5,13,5,Google 사용자,감사합니다.
1215,20190511,2019,5,11,5,Google 사용자,괜찮은 앱이에요
1216,20190511,2019,5,11,5,Google 사용자,좋아연
1217,20190510,2019,5,10,5,Google 사용자,필웨이보다 잘되어있고 믿을만해서 좋네요!!
1218,20190510,2019,5,10,5,Google 사용자,굿뜨
1219,20190508,2019,5,8,5,Google 사용자,굿입니다
1220,20190508,2019,5,8,5,Google 사용자,굿
1221,20190507,2019,5,7,5,Google 사용자,주아용
1222,20190507,2019,5,7,5,Google 사용자,사진도자세히나오고 좋아요
1223,20190506,2019,5,6,5,Google 사용자,좋다
1224,20190504,2019,5,4,5,Google 사용자,좋은거여~
1225,20190504,2019,5,4,2,Google 사용자,제품이 다양함.가격대는 경쟁력이 떨어짐
1226,20190504,2019,5,4,5,Google 사용자,짱좋음
1227,20190503,2019,5,3,5,Google 사용자,정품취급해서 좋아요~
1228,20190502,2019,5,2,5,Google 사용자,알레스 굿
1229,20190502,2019,5,2,5,Google 사용자,좋은 제품을 만날 수 있어서 정말 좋아요
1230,20190502,2019,5,2,5,Google 사용자,머스트잇 너무너무 편리하고 좋아요 ㅎㅎ
1231,20190501,2019,5,1,5,Google 사용자,굿
1232,20190430,2019,4,30,5,Google 사용자,좋아요 그냥
1233,20190430,2019,4,30,5,Google 사용자,좋음
1234,20190430,2019,4,30,5,Google 사용자,좋아요
1235,20190429,2019,4,29,5,Google 사용자,구히기 힘든 옷들이 많아서 좋네요
1236,20190429,2019,4,29,5,Google 사용자,너무 최고
1237,20190429,2019,4,29,5,Google 사용자,좋아요
1238,20190428,2019,4,28,5,Google 사용자,너무 좋고 저렴하고 좋아용!!
1239,20190428,2019,4,28,5,Google 사용자,좋아요
1240,20190428,2019,4,28,5,Google 사용자,좋은상품이 많네요
1241,20190427,2019,4,27,4,Google 사용자,원하는 상품검색이 정확한게 편리해요오오오~~
1242,20190427,2019,4,27,5,Google 사용자,구ㄱ
1243,20190427,2019,4,27,5,Google 사용자,역띠 짱
1244,20190427,2019,4,27,5,Google 사용자,배송도 빠르고 엄청 좋네요.
1245,20190427,2019,4,27,1,Google 사용자,별로
1246,20190427,2019,4,27,5,Google 사용자,굳좋앙ㅅ!!
1247,20190427,2019,4,27,5,Google 사용자,굳굳
1248,20190424,2019,4,24,5,Google 사용자,일단 OK
1249,20190423,2019,4,23,5,Google 사용자,굿
1250,20190423,2019,4,23,4,Google 사용자,좋아요
1251,20190422,2019,4,22,5,Google 사용자,굿
1252,20190422,2019,4,22,4,Google 사용자,굿
1253,20190422,2019,4,22,5,Google 사용자,짱!
1254,20190422,2019,4,22,5,Google 사용자,굿
1255,20190422,2019,4,22,5,Google 사용자,명품구매중에 가장 믿음이가는 머슷잇!! 고맙습니다.
1256,20190422,2019,4,22,5,Google 사용자,좋아요
1257,20190421,2019,4,21,5,Google 사용자,좋아요
1258,20190420,2019,4,20,5,Google 사용자,정품굿
1259,20190420,2019,4,20,5,Google 사용자,물건 찾기 좋아요
1260,20190420,2019,4,20,5,Google 사용자,깔끔해요
1261,20190420,2019,4,20,5,Google 사용자,정품사이트!
1262,20190420,2019,4,20,5,Google 사용자,편하게 이용할수있어 좋습니다
1263,20190419,2019,4,19,5,Google 사용자,좋네
1264,20190419,2019,4,19,5,Google 사용자,good
1265,20190419,2019,4,19,5,Google 사용자,좋아요!^^
1266,20190418,2019,4,18,5,Google 사용자,좋아요 굿
1267,20190418,2019,4,18,5,Google 사용자,굿굿
1268,20190418,2019,4,18,5,Google 사용자,조하
1269,20190417,2019,4,17,5,Google 사용자,굿
1270,20190417,2019,4,17,5,Google 사용자,좋아요
1271,20190416,2019,4,16,5,Google 사용자,굿
1272,20190415,2019,4,15,5,Google 사용자,중말 좋습니다
1273,20190415,2019,4,15,3,Google 사용자,카카오 로그인이 자꾸 실패하는 이유가 뭐죠
1274,20190415,2019,4,15,4,Google 사용자,좋아요~ 편리하고...
1275,20190414,2019,4,14,5,Google 사용자,정말 편해요
1276,20190413,2019,4,13,5,Google 사용자,편리하고 깔끔함 가격 비교도 잘되어 있고 문의 답변도 상당히 빠름 관리 잘 되는 느낌이 들어 신뢰가 감
1277,20190412,2019,4,12,5,Google 사용자,굳
1278,20190411,2019,4,11,5,Google 사용자,사용하기 편하네요^^
1279,20190411,2019,4,11,5,Google 사용자,개조아여이기
1280,20190411,2019,4,11,5,Google 사용자,좋아모
1281,20190410,2019,4,10,5,Google 사용자,굿좝
1282,20190410,2019,4,10,5,Google 사용자,"명품쇼핑하기 좋은 앱, 가품 취급을 일절 금지, 관리하는 시스템이 정말 마음에듭니다!"
1283,20190408,2019,4,8,5,Google 사용자,믿고 살수 있을거같습니다.
1284,20190407,2019,4,7,5,Google 사용자,좋은앱인거같습니다.
1285,20190407,2019,4,7,5,Google 사용자,옷살때 머스트잇 만한게없는거같아요ㅎㅎ
1286,20190405,2019,4,5,5,Google 사용자,원하는 메이커 보기도쉽고 좋네요 추천드립니다
1287,20190404,2019,4,4,5,Google 사용자,검색할때 다른 창이 뜨는게 좋아요.
1288,20190402,2019,4,2,5,Google 사용자,배송기간도 적당하며 국내에서 구하긴 힘든 제품을 접할 수 있어 좋습니다.
1289,20190402,2019,4,2,5,Google 사용자,굿입니다
1290,20190401,2019,4,1,5,Google 사용자,찾고 싶은 상품을 드디어 여기서 찾음!
1291,20190401,2019,4,1,4,Google 사용자,해외 직구 상품 주문하는데 통관번호 입력창 없는거 무엇?
1292,20190331,2019,3,31,5,Google 사용자,진짜좋아요
1293,20190330,2019,3,30,5,Google 사용자,너무너무좋아요ㅠㅠ
1294,20190330,2019,3,30,5,Google 사용자,해외직구를 쉽고 편안하게 할수 있어서 너무 좋았습니다 !
1295,20190329,2019,3,29,5,Google 사용자,좋음
1296,20190329,2019,3,29,5,Google 사용자,정확하고 좋아요
1297,20190329,2019,3,29,5,Google 사용자,진품굿
1298,20190328,2019,3,28,5,Google 사용자,좋아요너무
1299,20190326,2019,3,26,5,Google 사용자,걍 굿 말하기도 귀찮 믿쓰머
1300,20190326,2019,3,26,5,Google 사용자,사고싶은옷 싸게샀어요
1301,20190326,2019,3,26,5,Google 사용자,넘모 좋습니다
1302,20190326,2019,3,26,5,Google 사용자,너무좋아요 제품도 좋고 굳
1303,20190326,2019,3,26,5,Google 사용자,굿
1304,20190325,2019,3,25,5,Google 사용자,좋아요^^
1305,20190323,2019,3,23,5,Google 사용자,쨩!!
1306,20190323,2019,3,23,5,Google 사용자,좋아요 신뢰할수있습니다
1307,20190323,2019,3,23,5,Google 사용자,좋음
1308,20190321,2019,3,21,5,Google 사용자,좋음
1309,20190321,2019,3,21,5,Google 사용자,굿
1310,20190321,2019,3,21,4,Google 사용자,깐지 이틀만에 상품두개 주문했어여
1311,20190321,2019,3,21,5,Google 사용자,조아유
1312,20190320,2019,3,20,5,Google 사용자,안심
1313,20190320,2019,3,20,5,Google 사용자,구뜨
1314,20190319,2019,3,19,5,Google 사용자,신발 큰거있다
1315,20190318,2019,3,18,4,Google 사용자,굿
1316,20190318,2019,3,18,5,Google 사용자,good~!
1317,20190317,2019,3,17,5,Google 사용자,국내에서 살수없는 물건을 싸게 구매해서좋아요
1318,20190317,2019,3,17,5,Google 사용자,구매하기편해서좋네요~
1319,20190316,2019,3,16,5,Google 사용자,좋아요
1320,20190315,2019,3,15,5,Google 사용자,굿
1321,20190314,2019,3,14,3,Google 사용자,착한가격에 잘 구매하고 있어요
1322,20190312,2019,3,12,5,Google 사용자,짱임
1323,20190312,2019,3,12,5,Google 사용자,좋아요!
1324,20190312,2019,3,12,5,Google 사용자,짱임 대박
1325,20190312,2019,3,12,5,Google 사용자,좋아용
1326,20190312,2019,3,12,5,Google 사용자,굳
1327,20190312,2019,3,12,5,Google 사용자,넘어갈때 살짝 불편하긴한데 넘좋아용
1328,20190311,2019,3,11,4,Google 사용자,굿
1329,20190311,2019,3,11,5,Google 사용자,편함
1330,20190311,2019,3,11,5,Google 사용자,꿀
1331,20190311,2019,3,11,5,Google 사용자,사용하기 편해요ㅎ
1332,20190309,2019,3,9,5,Google 사용자,개꿀
1333,20190309,2019,3,9,5,Google 사용자,서비스가좋다
1334,20190308,2019,3,8,5,Google 사용자,굳
1335,20190307,2019,3,7,5,Google 사용자,좋아연
1336,20190306,2019,3,6,5,Google 사용자,좋아요 !!
1337,20190306,2019,3,6,2,Google 사용자,속도가 느리고 가끔 오류가 발생합니다. 차라리 웹이 안정적입니다.
1338,20190306,2019,3,6,5,Google 사용자,좋습니다
1339,20190305,2019,3,5,5,Google 사용자,굿
1340,20190305,2019,3,5,5,Google 사용자,괜찮아요
1341,20190304,2019,3,4,3,Google 사용자,그냥저냥?
1342,20190304,2019,3,4,5,Google 사용자,개인적으로 마음에 듭니다
1343,20190303,2019,3,3,5,Google 사용자,좋아요
1344,20190302,2019,3,2,1,Google 사용자,데이터베이스에러;
1345,20190302,2019,3,2,2,Google 사용자,"업데이트 좀 하세요. 상품문의하고 뒤로가기 누를때도 이미 등록됐다니 문구 그런거뜨고 요즘은 뭐 페이지가 존재하지 않는다나 그런것도 뜨고 렉도 심하게 걸려요. 검색창에 한번 잘못쓰면 처음부터 다시 써야되는 것도 불편합니다. 그냥 눌러서 그부분만 더 적으면 될텐데,,앱이 불완전한 것 같은데 관리 좀 해주세요."
1346,20190301,2019,3,1,5,Google 사용자,좋아요
1347,20190228,2019,2,28,5,Google 사용자,조아용ㅎㅎ
1348,20190228,2019,2,28,5,Google 사용자,네트워크 수신이 너무 느려요 ㅜㅜ
1349,20190227,2019,2,27,4,Google 사용자,좋음
1350,20190227,2019,2,27,5,Google 사용자,믿을 수 있는 상품을 구매할 수 있어요
1351,20190227,2019,2,27,5,Google 사용자,굿
1352,20190227,2019,2,27,5,Google 사용자,good
1353,20190226,2019,2,26,5,Google 사용자,제품들이 다양하고 가격대도 괜찬고 빠른배송도 좋아요
1354,20190226,2019,2,26,5,Google 사용자,종류가 많고 좋네요
1355,20190226,2019,2,26,5,Google 사용자,물건을 쉽게 볼 수 있어서 좋은 것같아요.
1356,20190225,2019,2,25,5,Google 사용자,좋아요
1357,20190225,2019,2,25,4,Google 사용자,가격도괜찮고 배송개빠름 굿
1358,20190225,2019,2,25,5,Google 사용자,굿
1359,20190224,2019,2,24,5,Google 사용자,조흠
1360,20190224,2019,2,24,5,Google 사용자,아주 좋네요
1361,20190224,2019,2,24,5,Google 사용자,굿
1362,20190223,2019,2,23,5,Google 사용자,good
1363,20190222,2019,2,22,5,Google 사용자,굿
1364,20190221,2019,2,21,5,Google 사용자,굿
1365,20190221,2019,2,21,4,Google 사용자,굳굳
1366,20190221,2019,2,21,4,Google 사용자,잘 쓰고 있어요
1367,20190221,2019,2,21,5,Google 사용자,좋아요
1368,20190220,2019,2,20,5,Google 사용자,너무좋와요
1369,20190220,2019,2,20,5,Google 사용자,좋아요
1370,20190220,2019,2,20,5,Google 사용자,보기편하네요
1371,20190219,2019,2,19,4,Google 사용자,보기편해요
1372,20190219,2019,2,19,5,Google 사용자,굿굿
1373,20190219,2019,2,19,5,Google 사용자,물건 정렬 굿
1374,20190218,2019,2,18,5,Google 사용자,아주 마음에 듭니다
1375,20190217,2019,2,17,5,Google 사용자,굿
1376,20190217,2019,2,17,5,Google 사용자,필웨이보다 나은듯
1377,20190216,2019,2,16,5,Google 사용자,"명품 쇼핑몰중에선최고인것 같아요. 보기도 편하고, 가격도 최저가이고, 이용하기 좋네요."
1378,20190216,2019,2,16,5,Google 사용자,좋아요
1379,20190216,2019,2,16,5,Google 사용자,편하고 싸고 좋네요
1380,20190216,2019,2,16,5,Google 사용자,좋아요
1381,20190216,2019,2,16,4,Google 사용자,가격도좋고..배송도좋내용
1382,20190215,2019,2,15,4,Google 사용자,아주 좋아요
1383,20190215,2019,2,15,5,Google 사용자,르굳
1384,20190214,2019,2,14,4,Google 사용자,편하고ㅡ다른싸이트에비해 싼듯..?
1385,20190214,2019,2,14,5,Google 사용자,굳
1386,20190214,2019,2,14,5,Google 사용자,나쁘지않아요 앱 나름 편하게 되어있네요
1387,20190213,2019,2,13,5,Google 사용자,좋네요 잘되길 바랄께요~^^
1388,20190213,2019,2,13,5,Google 사용자,굿이에요 굿굿 할인좀 더해줘용
1389,20190212,2019,2,12,5,Google 사용자,물건이여러가지 비교쉽게되어있다 진품의 유무는 따져봐야알꺼같다
1390,20190212,2019,2,12,5,Google 사용자,앱 디자인도 깔끔하고 배송시작하면 알림오는것도 그렇고 좋아요
1391,20190212,2019,2,12,5,Google 사용자,좋음
1392,20190211,2019,2,11,5,Google 사용자,좋습니다.
1393,20190211,2019,2,11,5,Google 사용자,굿
1394,20190211,2019,2,11,5,Google 사용자,굿베리굿
1395,20190211,2019,2,11,5,Google 사용자,좋습니다
1396,20190210,2019,2,10,5,Google 사용자,나이슈
1397,20190210,2019,2,10,5,Google 사용자,굿
1398,20190209,2019,2,9,5,Google 사용자,좋아요 가성비도 마음에들어요
1399,20190208,2019,2,8,5,Google 사용자,굿굿굿!!!
1400,20190207,2019,2,7,1,Google 사용자,고유통관번호가 발급이 안돼요 인증번호를 입력해도 화면이 넘어가질않네요 노트9입니다
1401,20190207,2019,2,7,5,Google 사용자,이용자수도 많고 신용있는 곳이라더니 확실히 메이저급 사이트네요! 얼른 승인이 났으면..하고 기다리는중입니다ㅎㅎ
1402,20190205,2019,2,5,5,Google 사용자,좋아여
1403,20190202,2019,2,2,5,Google 사용자,좋아요
1404,20190202,2019,2,2,5,Google 사용자,너무 좋아요
1405,20190131,2019,1,31,5,Google 사용자,가품이 판을 치는 요즘 가품 관련 문제로 한번도 소란스러웠던 적이 없어 좋습니다ㅎㅎ 앞으로도 믿겠습니다~
1406,20190130,2019,1,30,5,Google 사용자,굉장히 잘 애용하고 있는 어플중 하나인데 요시 점검이 너무 잦은것같네요 이유라도 있나요..?
1407,20190130,2019,1,30,4,Google 사용자,빠른답변 아주좋아요~~
1408,20190129,2019,1,29,5,Google 사용자,파정
1409,20190127,2019,1,27,5,Google 사용자,굿
1410,20190126,2019,1,26,5,Google 사용자,좋아요
1411,20190126,2019,1,26,5,Google 사용자,너무 좋은 앱이다
1412,20190126,2019,1,26,5,Google 사용자,좋아요
1413,20190122,2019,1,22,5,Google 사용자,좋습니다요
1414,20190120,2019,1,20,5,Google 사용자,믿을수있는 머스트잇 좋아요~~
1415,20190120,2019,1,20,5,Google 사용자,좋아요~~
1416,20190120,2019,1,20,5,Google 사용자,♡♡♡
1417,20190119,2019,1,19,5,Google 사용자,최신으로 잘 업뎃 되는거같구요. 많은 브랜드와 많은 상품이 있어서 좋아요.
1418,20190117,2019,1,17,5,Google 사용자,굳
1419,20190117,2019,1,17,5,Google 사용자,저렴해서 좋아요
1420,20190117,2019,1,17,5,Google 사용자,굳 정품에 빠른배송
1421,20190116,2019,1,16,5,Google 사용자,사랑해요
1422,20190116,2019,1,16,5,Google 사용자,아주 좋아요
1423,20190116,2019,1,16,5,Google 사용자,이쁘네요
1424,20190115,2019,1,15,5,Google 사용자,좋습니다 굿잡
1425,20190114,2019,1,14,5,Google 사용자,사용하기 너무 편한거 같아요!!
1426,20190114,2019,1,14,4,Google 사용자,굳
1427,20190114,2019,1,14,5,Google 사용자,처음인데 한번봐야죠
1428,20190113,2019,1,13,5,Google 사용자,굿
1429,20190113,2019,1,13,5,Google 사용자,좋은 제품 저렴하게 구입할수있어서 넘넘 좋아요
1430,20190113,2019,1,13,5,Google 사용자,긋ㅋ
1431,20190112,2019,1,12,5,Google 사용자,좋아요
1432,20190109,2019,1,9,5,Google 사용자,굿
1433,20190109,2019,1,9,5,Google 사용자,쵝오!!!!!!!!!!!!!!!
1434,20190109,2019,1,9,4,Google 사용자,괜찮은거 같네요
1435,20190108,2019,1,8,5,Google 사용자,검색도 잘되어있고 앱이 튕기지 않아서 좋네요~
1436,20190108,2019,1,8,1,Google 사용자,업뎃이후 검색하면 데이터베이스 에러뜨네요 빠른수정부탁드립니다.
1437,20190107,2019,1,7,4,Google 사용자,검색을 하면 자꾸 에러가 뜨는데 확인 부탁드립니다
1438,20190107,2019,1,7,5,Google 사용자,제품을 검색해서 들어가면 데이타베이스에 에러가 있다 떠요.
1439,20190106,2019,1,6,5,Google 사용자,잘 이용하구 있어요. 믿을 수 있는곳!!
1440,20190105,2019,1,5,4,Google 사용자,좋음.
1441,20190105,2019,1,5,5,Google 사용자,좋아요
1442,20190102,2019,1,2,5,Google 사용자,굿
1443,20190102,2019,1,2,5,Google 사용자,원하는 옷같은거 찾기 편하고 좋아요
1444,20190101,2019,1,1,5,Google 사용자,최고 벌써 두번 주문했어요! 저한테 특별히 선물하는 첫 명품도 이곳에서 했답니다!
1445,20190101,2019,1,1,5,Google 사용자,편리하네요
1446,20181231,2018,12,31,5,Google 사용자,진짜 좋아요
1447,20181230,2018,12,30,5,Google 사용자,사랑해요 머스트잇!ㅎㅎ 더 발전하길
1448,20181226,2018,12,26,5,Google 사용자,진품의진리입니다 ㅎ
1449,20181224,2018,12,24,5,Google 사용자,좋아요
1450,20181224,2018,12,24,5,Google 사용자,세일하는거랑 신상 마니마니 올려주세요
1451,20181223,2018,12,23,5,Google 사용자,좋아요
1452,20181221,2018,12,21,4,Google 사용자,좋네요
1453,20181221,2018,12,21,5,Google 사용자,깔끔하게 정리 잘 되있고 저렴하게 살 수 있어러 좋네요
1454,20181221,2018,12,21,5,Google 사용자,좋은 옷 편하게 잘 사고 있어요
1455,20181219,2018,12,19,5,Google 사용자,만족하며 쇼핑할때 애용중입니다~^^
1456,20181218,2018,12,18,5,Google 사용자,굿굿
1457,20181217,2018,12,17,5,Google 사용자,굿
1458,20181217,2018,12,17,5,Google 사용자,진품이 필요할땐 여기가 진리
1459,20181216,2018,12,16,5,Google 사용자,굿
1460,20181215,2018,12,15,5,Google 사용자,굿
1461,20181215,2018,12,15,5,Google 사용자,친절.정품.굿!!!!!
1462,20181214,2018,12,14,5,Google 사용자,Soso
1463,20181214,2018,12,14,5,Google 사용자,굳
1464,20181212,2018,12,12,5,Google 사용자,굿
1465,20181210,2018,12,10,5,Google 사용자,굳
1466,20181209,2018,12,9,5,Google 사용자,굳굳!!!
1467,20181208,2018,12,8,5,Google 사용자,좋음
1468,20181208,2018,12,8,5,Google 사용자,정품 신경쓰는게 확실히 보입니다.
1469,20181207,2018,12,7,5,Google 사용자,좋아요
1470,20181206,2018,12,6,5,Google 사용자,ㅎㅎ굿
1471,20181205,2018,12,5,5,Google 사용자,굿
1472,20181205,2018,12,5,5,Google 사용자,"제품들이 다 완전 저렴하고, 보기좋게 정돈도 잘되있으며, 기획전이랑 여러이벤트도 자주해서 정말좋습니다."
1473,20181204,2018,12,4,5,Google 사용자,굳 굳
1474,20181203,2018,12,3,5,Google 사용자,정품구매하기에 합리적인것같아요
1475,20181203,2018,12,3,5,Google 사용자,최고의 어플
1476,20181203,2018,12,3,5,Google 사용자,좋음
1477,20181202,2018,12,2,5,Google 사용자,좋아요
1478,20181130,2018,11,30,5,Google 사용자,좋은 제품을 가격비교를 통하여 득템할 수 있음.
1479,20181130,2018,11,30,5,Google 사용자,브라우징하기 편해요
1480,20181129,2018,11,29,5,Google 사용자,좋아요
1481,20181129,2018,11,29,5,Google 사용자,굿
1482,20181128,2018,11,28,5,Google 사용자,그냥좋아요 ^^
1483,20181126,2018,11,26,5,Google 사용자,보기좋게잘해놨습니다 좋아요~ 한번사용해보세요^^
1484,20181123,2018,11,23,5,Google 사용자,Good
1485,20181122,2018,11,22,5,Google 사용자,여러사이트를한눈에보니 좋아요
1486,20181122,2018,11,22,5,Google 사용자,좋아요
1487,20181121,2018,11,21,5,Google 사용자,굳
1488,20181120,2018,11,20,5,Google 사용자,교환및 환불도 잘되고 친절하네요~
1489,20181115,2018,11,15,5,Google 사용자,굿
1490,20181115,2018,11,15,1,Google 사용자,재고가 없어서 구매취소당했네요 화남
1491,20181115,2018,11,15,4,Google 사용자,가끔랙먹는거 빼면 괜찮음
1492,20181115,2018,11,15,5,Google 사용자,믿고 사는 머스트잇
1493,20181114,2018,11,14,5,Google 사용자,Good
1494,20181113,2018,11,13,5,Google 사용자,좋은 쇼핑앱 같네요
1495,20181113,2018,11,13,5,Google 사용자,좋아요
1496,20181113,2018,11,13,4,Google 사용자,음.. 대충 괜찮은것 같아요.. 쇼핑하러 갈 시간없을때..
1497,20181112,2018,11,12,5,Google 사용자,머스트잇 지금까지 사용하던 류의 사이트중에 최곱니다!
1498,20181109,2018,11,9,4,Google 사용자,제품 넘 좋아요
1499,20181108,2018,11,8,5,Google 사용자,좋아요
1500,20181108,2018,11,8,5,Google 사용자,저는 만족하면서 사용하고있습니다
1501,20181108,2018,11,8,4,Google 사용자,짱이다
1502,20181105,2018,11,5,4,Google 사용자,그냥그럭저럭 사용할만함
1503,20181103,2018,11,3,5,Google 사용자,그냥 좋아요
1504,20181102,2018,11,2,5,Google 사용자,아주 좋은 사이트입니다
1505,20181031,2018,10,31,5,Google 사용자,굿굿
1506,20181030,2018,10,30,5,Google 사용자,굿이에요!
1507,20181030,2018,10,30,5,Google 사용자,조굼 느리지만 필xx보다는 보기가 더쉬워요
1508,20181029,2018,10,29,5,Google 사용자,정말 좋습니다
1509,20181029,2018,10,29,5,Google 사용자,싸고좋네요
1510,20181029,2018,10,29,4,Google 사용자,감사합니다
1511,20181028,2018,10,28,5,Google 사용자,쓰기편하고좋아요.
1512,20181028,2018,10,28,5,Google 사용자,좋아요
1513,20181028,2018,10,28,5,Google 사용자,잘쓰고있어요
1514,20181025,2018,10,25,5,Google 사용자,굿뜨
1515,20181025,2018,10,25,3,Google 사용자,"제 핸드폰은 s9입니다. 다양한 브랜드의 신상품부터 구하기 힘든 중고까지 총망라되어있어 참 편리합니다. 하지만 가끔 뒤로가기를 눌러도 뒤로 안가지고, 제품상세보기를 눌러도 로딩만 될 뿐 그 화면으로 넘어가지는 않습니다. 이런 자잘한 오류만 고쳐진다면 별5개가 아깝지 않은 어플입니다."
1516,20181024,2018,10,24,5,Google 사용자,좋아요
1517,20181023,2018,10,23,5,Google 사용자,굿굿
1518,20181021,2018,10,21,5,Google 사용자,좋습니다
1519,20181019,2018,10,19,5,Google 사용자,정품은 머스트잇에서
1520,20181019,2018,10,19,5,Google 사용자,정품정품정품
1521,20181018,2018,10,18,5,Google 사용자,옷은 머스트잇
1522,20181018,2018,10,18,5,Google 사용자,제가 원하던 옷을 이 앱을 통해 손쉽게 찾을 수 있었어요
1523,20181017,2018,10,17,5,Google 사용자,좋아용
1524,20181017,2018,10,17,5,Google 사용자,좋아요
1525,20181016,2018,10,16,5,Google 사용자,좋아요
1526,20181015,2018,10,15,5,Google 사용자,굳
1527,20181015,2018,10,15,5,Google 사용자,좋아용
1528,20181013,2018,10,13,5,Google 사용자,다 좋은데 너무 느려요 최적화 시급.
1529,20181012,2018,10,12,5,Google 사용자,좋네요. 대박입니다.
1530,20181012,2018,10,12,5,Google 사용자,대박 짱이에요!
1531,20181012,2018,10,12,5,Google 사용자,굿 좋은 상품 구매 했습니다.
1532,20181010,2018,10,10,5,Google 사용자,검색이나 상품 보려고 클릭하거나 구매내역 같은거 눌러볼때 로딩이랑 하얀색 화면 너무느려서 답답하게 되요 더나은 쇼핑을위해 고쳐주셧으면 합니다
1533,20181009,2018,10,9,5,Google 사용자,여기상품들 다 진품들인가요??
1534,20181009,2018,10,9,5,Google 사용자,다른 쇼핑몰에 비하면 제고도 많고 가격도 저렴해서 아주 좋아요 역시 머스트잇이 제일 짱 입니다!!
1535,20181009,2018,10,9,5,Google 사용자,모든명품다나오고 세일도많이해서 좋아요
1536,20181008,2018,10,8,4,Google 사용자,굿
1537,20181008,2018,10,8,5,Google 사용자,좋아요
1538,20181007,2018,10,7,5,Google 사용자,good
1539,20181006,2018,10,6,4,Google 사용자,종류도 다양하고 원하는 품들이 많아서 조아요...앞으로도 잘 부탁드립니다...
1540,20181005,2018,10,5,5,Google 사용자,개꿀임
1541,20181005,2018,10,5,5,Google 사용자,굳
1542,20181004,2018,10,4,3,Google 사용자,느리기도 느린데... 카드결제 다 실패했어요 !!!! ㅠㅠㅠ 답답
1543,20181003,2018,10,3,5,Google 사용자,너무 좋아요♡♡ 앞으로도 열심히 해주세요!!
1544,20181003,2018,10,3,5,Google 사용자,조아요~^^
1545,20181003,2018,10,3,5,Google 사용자,굿입니다
1546,20180930,2018,9,30,5,Google 사용자,좋아
1547,20180930,2018,9,30,5,Google 사용자,광고없이 바로구매할수 있어 좋아요
1548,20180929,2018,9,29,3,Google 사용자,왜 카카오로 로그인이 계속 안된다고할까요 앱이랑 네이버로 들어가도 카카오로 간편로그인 누르기만하면 계속 카카오로그인이 실패한다고 뜨네요
1549,20180929,2018,9,29,5,Google 사용자,너무너무 좋아요 머스트잇!! 앞으로도 자주 사용할게요
1550,20180927,2018,9,27,5,Google 사용자,이용에 좋아요.
1551,20180927,2018,9,27,5,Google 사용자,좋음
1552,20180927,2018,9,27,3,Google 사용자,앱실행하면 화면이 다하얀색되면서 아무것도안됩니다 재설치해도 마찬가지입니다
1553,20180927,2018,9,27,5,Google 사용자,좋아요
1554,20180925,2018,9,25,5,Google 사용자,좋아여
1555,20180921,2018,9,21,5,Google 사용자,괨찮아요 좋고
1556,20180921,2018,9,21,5,Google 사용자,보기도좋고 여러제품들이 있음
1557,20180920,2018,9,20,5,Google 사용자,판매자분이 친절하게 응대해주셔서 기분좋았어요. 일단 믿음이가고 저렴한 제품들 구경하는맛도 쏠쏠해요.그러다 구매까지 가게되는거같아요.앞으로도 좋은제품들 저렴한 가격으로 부탁드려용~~~ 번창하세욥!!!
1558,20180920,2018,9,20,4,Google 사용자,구하기 어려운 상품을 여기서 찾아서 기분이가 좋네용
1559,20180916,2018,9,16,3,Google 사용자,머스트잇 앱에서 구매를 하려구 결제창꺼지 다해서했는데...계속 결제가안되네요...신용카드로 결제하는건데 할인못받구 인터넷에서 구매를하네요....이렇게 안되버리면 앱 삭제할수밖에없네요
1560,20180915,2018,9,15,5,Google 사용자,좋아영 ㅎ 파정이니깧ㅎ
1561,20180913,2018,9,13,5,Google 사용자,굿
1562,20180910,2018,9,10,5,Google 사용자,우선 믿고사는 정품인거같아 좋아요
1563,20180909,2018,9,9,5,Google 사용자,좋아요~
1564,20180909,2018,9,9,5,Google 사용자,좋아요ㅎ
1565,20180909,2018,9,9,5,Google 사용자,굿
1566,20180905,2018,9,5,3,Google 사용자,신한카드 결재가안되요ㅠ
1567,20180904,2018,9,4,5,Google 사용자,좋은 앱이에요
1568,20180902,2018,9,2,1,Google 사용자,아니 뭐 간편 가입해도 로그인이 안되고 회원가입 해도 안되고 물건을 사라는거야 말라는거야..
1569,20180901,2018,9,1,3,Google 사용자,머스트잇 잘만드셧어요
1570,20180901,2018,9,1,5,Google 사용자,좋음
1571,20180831,2018,8,31,5,Google 사용자,GOOD!
1572,20180826,2018,8,26,5,Google 사용자,정품잘삿습니다
1573,20180825,2018,8,25,5,Google 사용자,무료배송이구타앱에비해싸서 너무좋아요😍
1574,20180825,2018,8,25,5,Google 사용자,무난하게 좋은 앱
1575,20180825,2018,8,25,5,Google 사용자,좋아요
1576,20180823,2018,8,23,5,Google 사용자,좋네요 ㅎㅎ
1577,20180822,2018,8,22,5,Google 사용자,그냥 좋ㅈ습니다!
1578,20180822,2018,8,22,5,Google 사용자,믿고볼수있어서좋어요~
1579,20180821,2018,8,21,5,Google 사용자,굿
1580,20180821,2018,8,21,4,Google 사용자,조흠따봉👍👍
1581,20180821,2018,8,21,5,Google 사용자,굿
1582,20180820,2018,8,20,5,Google 사용자,굿
1583,20180819,2018,8,19,5,Google 사용자,굿
1584,20180816,2018,8,16,5,Google 사용자,파정이라서 좋아연
1585,20180816,2018,8,16,5,Google 사용자,굿
1586,20180812,2018,8,12,5,Google 사용자,명품입문 앱으로 너무 좋아요 ㅎㅎ~~
1587,20180809,2018,8,9,5,Google 사용자,삘쏘 굿
1588,20180808,2018,8,8,5,Google 사용자,좋아여
1589,20180806,2018,8,6,5,Google 사용자,이앱에서산옷들이퀄리티가장난이아니네요...!!!
1590,20180806,2018,8,6,5,Google 사용자,좋아요~
1591,20180804,2018,8,4,5,Google 사용자,편하게 쓰고있네용
1592,20180804,2018,8,4,5,Google 사용자,굿 최고 믿고삽니다
1593,20180802,2018,8,2,5,Google 사용자,자주이용할께요~
1594,20180731,2018,7,31,3,Google 사용자,"자주이용하는 쇼핑몰 입니다~ 단지 가끔 판매자 분들이 제품 수량을 파악하지 못하고 재고있음으로하고 올려두는경우가 있는데 그거 빼고는 
문의 답변이라던가 적립금 같은 경우 빠른처리가 마음에 듭니다~"
1595,20180730,2018,7,30,4,Google 사용자,굿
1596,20180728,2018,7,28,4,Google 사용자,리뷰남겨달라해서남긴다. 잘해잘.
1597,20180726,2018,7,26,5,Google 사용자,굳
1598,20180724,2018,7,24,5,Google 사용자,굿굿
1599,20180724,2018,7,24,5,Google 사용자,타 사이트에 비해 저렴하다고 할 수는 없어도 가품 걱정은 안해서 좋아요
1600,20180724,2018,7,24,5,Google 사용자,가품이 많은세상에 믿을만한 앱 ... 머스트 잇!!
1601,20180723,2018,7,23,3,Google 사용자,"머스트잇 앱에서 카카오페이 결제가 자꾸 안되서 결국 인터넷으로 조금 더 비싸게 샀네요.. 그래도 믿고사는 머스트잇이라 별점은 
3점드리겠습니다."
1602,20180722,2018,7,22,5,Google 사용자,짱짱
1603,20180722,2018,7,22,5,Google 사용자,좋아요 ㅎㅎ
1604,20180720,2018,7,20,5,Google 사용자,첫구매 너무 저렴하게 완벽!!
1605,20180717,2018,7,17,5,Google 사용자,굳!!!배리배리굳!!!!!!!!!!!!!!!
1606,20180715,2018,7,15,5,Google 사용자,좋다
1607,20180711,2018,7,11,5,Google 사용자,제일 편한 명품 온라인 구매 어플.
1608,20180710,2018,7,10,5,Google 사용자,좋아용
1609,20180709,2018,7,9,5,Google 사용자,가품살 걱정없이 구매 할수있어서 좋아요~
1610,20180708,2018,7,8,5,Google 사용자,"타 명품 쇼핑물에 비해서 저렴한 가격에 물건이 자주 올라와서 좋고 판매자 대부분 친절하셔서 좋은 쇼핑 하고 있습니다 앞으로도 자주 
애용할 것 같네요"
1611,20180708,2018,7,8,5,Google 사용자,온라인 명품 쇼핑몰 중에 최고에요
1612,20180708,2018,7,8,5,Google 사용자,머스트잇 알고나서 부터 돈 엄청 쓰고 있음
1613,20180704,2018,7,4,5,Google 사용자,개좋음 bb
1614,20180702,2018,7,2,5,Google 사용자,너무 좋아요
1615,20180621,2018,6,21,5,Google 사용자,파정만 파는앱. 좋네요
1616,20180621,2018,6,21,5,Google 사용자,배송은 빨라서 좋아요
1617,20180620,2018,6,20,5,Google 사용자,괜찮네요
1618,20180619,2018,6,19,5,Google 사용자,네이버로 로그인할때 오류빼고는 다좋네요.
1619,20180617,2018,6,17,5,Google 사용자,Good luck
1620,20180614,2018,6,14,5,Google 사용자,음... 다른곳보다 가격은 적당하구요!배송도 그렇게 느리지않구 딱 좋아요!!!!!!!!!^^
1621,20180610,2018,6,10,5,Google 사용자,좋아용
1622,20180608,2018,6,8,4,Google 사용자,좋아요
1623,20180606,2018,6,6,5,Google 사용자,"다른 싸이트보다 할인율도 좋고 제품도 다양하고 아주 조아욤! 앞으로도 머스트잇 번창하시고!제 단골판매자님 그x르노블대구님두 번창하세요! 
자주 애용할게요♡♡♡♡"
1624,20180605,2018,6,5,5,Google 사용자,근래에 본 사이트 중에 젤 믿을만 한거 같아요
1625,20180604,2018,6,4,5,Google 사용자,좋은정보와 가격 감사합니다.
1626,20180604,2018,6,4,5,Google 사용자,많이 파세요
1627,20180602,2018,6,2,5,Google 사용자,GOOD
1628,20180526,2018,5,26,1,Google 사용자,사이즈 교환 하려고하니 구매내역이 갑자기 사라졌네요. 뭐 이런경우가 있어요? 지금 상품 교환 못하고 있어요. 대처바람
1629,20180524,2018,5,24,5,Google 사용자,좋아영
1630,20180518,2018,5,18,5,Google 사용자,앱 좋아용
1631,20180518,2018,5,18,1,Google 사용자,아니 왜자꾸 꺼지는건데ㅡㅡ 홈페이지에서 할려다가 다운받으래서받앗더니 20000000000000000배는 불편하자나ㅡㅡ
1632,20180518,2018,5,18,5,Google 사용자,좋습니다. 직구의 불편함을 해결해주네요ㅎㅎ
1633,20180518,2018,5,18,5,Google 사용자,"짝퉁에 대한 의심이 많아서 그동안 백화점이나 청담 가서 구매를 해왔는데 친구소개로 머스트잇 을 알게 되었습니다. 여긴 진짜네요ㅎ 너무 
좋습니다."
1634,20180514,2018,5,14,4,Google 사용자,사기편해서 좋다ㅋ
1635,20180512,2018,5,12,3,Google 사용자,뒤로가기 누르면 앱이나가지는 것만 고쳐주세요
1636,20180511,2018,5,11,5,Google 사용자,좋습니다
1637,20180509,2018,5,9,5,Google 사용자,이렇거 싸면 가품 아니에요?
1638,20180509,2018,5,9,5,Google 사용자,제품 만족스럽고 배송빠르고 이게 소비자에게는 일등!
1639,20180508,2018,5,8,5,Google 사용자,좋아요
1640,20180505,2018,5,5,5,Google 사용자,늘 감사합니다
1641,20180504,2018,5,4,5,Google 사용자,아직 사용한지 초반이긴한데 좋은거같네여
1642,20180502,2018,5,2,5,Google 사용자,좋네요~
1643,20180501,2018,5,1,5,Google 사용자,너무 편하고 좋아요!!!!!!
1644,20180430,2018,4,30,5,Google 사용자,좋아
1645,20180429,2018,4,29,4,Google 사용자,다좋은데 카카오톡으로 로그인할라면 계속 실패했다고 뜹니다 아무것도못하고있네요
1646,20180429,2018,4,29,5,Google 사용자,친구추천받아서 여기서 신발구매했는데 배송해주시는분이 신경많이써주시고 앱할인되서좋아요 굿
1647,20180428,2018,4,28,4,Google 사용자,다른곳에는 없는게 있어서 좋아요 그런데 찾는방법이 조금 불편해요 아직 익숙치 않아서 그럴지도요 앞으로도 쭉 찾을것같아요
1648,20180427,2018,4,27,4,Google 사용자,온라인에서 매물이 없을 때 여기로 넘어오면 거의 다 있더라구요. 애용하고 있습니다
1649,20180425,2018,4,25,5,Google 사용자,좋아요
1650,20180423,2018,4,23,3,Google 사용자,페이스북으로 로그인하면 바로안되고 흰화면만 뜹니다 나갔다가 다시들어와야지 로그인되어있네여.
1651,20180422,2018,4,22,5,Google 사용자,앱좋아요~~
1652,20180419,2018,4,19,4,Google 사용자,신용 좋아요
1653,20180419,2018,4,19,5,Google 사용자,좋아요
1654,20180417,2018,4,17,5,Google 사용자,정리도 깔끔하고 할인 혜택이 많아 좋습니다
1655,20180415,2018,4,15,5,Google 사용자,나이따
1656,20180412,2018,4,12,5,Google 사용자,좋아
1657,20180408,2018,4,8,5,Google 사용자,진짜 좋은 앱인거 같네욥^^ 더많은사람들이 이용했으면 좋겠네요
1658,20180406,2018,4,6,5,Google 사용자,짱
1659,20180405,2018,4,5,5,Google 사용자,더 많은 상품 부탁드려요
1660,20180330,2018,3,30,5,Google 사용자,비싸지만 비싸야되는 옷들밖에 없어서 좋아요.
1661,20180330,2018,3,30,5,Google 사용자,좋네요^^
1662,20180326,2018,3,26,5,Google 사용자,좋은정보 보기쉬운정리 굿!!
1663,20180325,2018,3,25,4,Google 사용자,괜찮네요
1664,20180325,2018,3,25,5,Google 사용자,좋아욧 보기도 편하고~
1665,20180321,2018,3,21,1,Google 사용자,장난하는것도 아니고 로그인 하면 계속 초기화면으로 돌아가서 폰으로 뭘 하지를 못하겠네요
1666,20180321,2018,3,21,4,Google 사용자,최저가는 아니지만 믿을수 있어서 좋아요
1667,20180317,2018,3,17,5,Google 사용자,굿입니다 이런사이트가있어서요
1668,20180316,2018,3,16,5,Google 사용자,아주좋다
1669,20180315,2018,3,15,5,Google 사용자,Good
1670,20180315,2018,3,15,5,Google 사용자,핫딜때문에 매일들어가요!꼼데가디건특가올려주세용
1671,20180312,2018,3,12,5,Google 사용자,깔끔하고 중복 내용이 없어서 좋네요
1672,20180306,2018,3,6,5,Google 사용자,좋아요
1673,20180303,2018,3,3,5,Google 사용자,잘 표기되잇고 깔끔하네요
1674,20180227,2018,2,27,5,Google 사용자,판매자랑 대화할때 로딩이 좀 답답하긴한데 그것말고는 다 좋습니다.
1675,20180224,2018,2,24,5,Google 사용자,진품 파는 홈페이지 정말 믿을수있는 홈페이지 입니다. 구하고싶은데 못구할때 믿고 구매할수있는 쇼핑몰 입니다.
1676,20180224,2018,2,24,5,Google 사용자,정말 좋아용
1677,20180223,2018,2,23,5,Google 사용자,배달도 빠르고 좋습니다.
1678,20180222,2018,2,22,5,Google 사용자,되게 좋아요
1679,20180220,2018,2,20,1,Google 사용자,아니 도데체왜 자꾸 홈으로 다시 돌아가죠??  좀 처리좀해주세요 뭘 볼수가 없네요;;
1680,20180213,2018,2,13,2,Google 사용자,계속 홈으로 돌아가요ㅠ 다른 분 리뷰에서 개선 했다고 하셨는데 어떻게 해야 하나요?
1681,20180211,2018,2,11,5,Google 사용자,잘 이용하고있어요~만족
1682,20180210,2018,2,10,5,Google 사용자,뭐 들어가기만 하면 다시 홈으로 돌아오는데요.. 이거 왜 이러는 건가요..?
1683,20180210,2018,2,10,2,Google 사용자,이거 머 어디눌러서 드가면 다시 홈으로 지멋대로 돌아가는데 어떻게된건가요
1684,20180208,2018,2,8,5,Google 사용자,괜찮아요~~
1685,20180207,2018,2,7,5,Google 사용자,좋아요
1686,20180129,2018,1,29,5,Google 사용자,좋아좋아요
1687,20180128,2018,1,28,5,Google 사용자,좋네요^^
1688,20180125,2018,1,25,5,Google 사용자,좋아요.
1689,20180120,2018,1,20,5,Google 사용자,좋네여
1690,20180120,2018,1,20,4,Google 사용자,상품 클릭하고 한번 들어갔다 나오면 다시 위로 올라가 있음ㅜ 클릭한 자리 그대로 원위치 되게 해주세요
1691,20180119,2018,1,19,5,Google 사용자,좋아요!
1692,20180119,2018,1,19,5,Google 사용자,물건구하기편함
1693,20180118,2018,1,18,1,Google 사용자,아니 이게 왜 홈에서 다른곳으로 넘어가면 바로다시홈으로 돌아오게 되있나요?
1694,20180113,2018,1,13,4,Google 사용자,카카오톡 자동로그인이 계속 끊기는 경우만 개선되면 좋을 것 같아요
1695,20180108,2018,1,8,5,Google 사용자,잘 분류되어있어 보기편하네요! 앞으로 잘 이용할거같아 추천합니당 ㅎㅎㅎㅎ
1696,20180108,2018,1,8,5,Google 사용자,물건도 많고 사용하기 편해서 애용하고 있습니다!! 앞으로도 좋은 서비스 부탁드려요~!
1697,20180108,2018,1,8,1,Google 사용자,아니 왜 사용하지도못하게 홈으로 자꾸 가지나요?
1698,20180107,2018,1,7,5,Google 사용자,추천드립니다
1699,20171228,2017,12,28,1,Google 사용자,왜자꾸홈으로가져요
1700,20171217,2017,12,17,1,Google 사용자,사이트는 만족하나 어플 자체는 최악입니다. 홈으로 돌아가기만 하고 어떤 서비스도 이용할수가 없습니다. 이런 어플 이용은 처음이라 리뷰 남깁니다.
1701,20171107,2017,11,7,2,Google 사용자,품절이 된 상품은 품절이 되었다고 수정해주시길 바랍니다..
1702,20171103,2017,11,3,1,Google 사용자,켜지지도 않는 어플..
1703,20170927,2017,9,27,5,Google 사용자,좋네요
1704,20170814,2017,8,14,5,Google 사용자,득템을 원하면 가입하세요~^^
1705,20170530,2017,5,30,1,Google 사용자,관리자 말투 오지네요 싸가지 없어요 ㅎㅎ 기분 나쁘네 다시는 안사야지 ~
1706,20170108,2017,1,8,5,Google 사용자,고객님~잘부탁드립니다^^
1707,20170107,2017,1,7,3,Google 사용자,설정해놨는데 자꾸 로그인풀리고 기능이 안되네요 수정해주세요
1708,20170104,2017,1,4,5,Google 사용자,없는상품을 살수있어 좋아요
1709,20161211,2016,12,11,1,Google 사용자,중간 수수료 몇푼  떼어먹겠다 연락도 안되고  겨우 연락되니 일대일 대화에 계속 동문서답하는  판매자 겁나 옹호해주면서 구매자 입장은 손톱만큼도 생각 안하는 사무실 측 쯔쯧쯔
1710,20161128,2016,11,28,5,Google 사용자,제품 다양하고 보기에도 편하고 세련돼서 좋아용!! 평소 봤던 제품들도 완전 싸서 자주애용할려구요&gt;_&lt;
1711,20161022,2016,10,22,2,Google 사용자,이전버전은 검색하기도 쉽고 페이지넘김도 빨랐는데... 리뉴얼되고나서 깔끔하기는해도 페이지 부팅이 느리고 검색시간도 오래걸려요 ㅠㅠ 제폰이 이상한가했는데... 개통한지 2일밖에 안된 새폰이라 앱이 문제인것 같아요
1712,20160916,2016,9,16,5,Google 사용자,해외직구 넘 편리하게 할 수 있어서 좋은것 같아용 번창하세요😍😍😍
1713,20160616,2016,6,16,5,Google 사용자,들어가면 렉조금씩 걸리는거 빼고는 최고네요 좀만 고쳐주시면 감사하겠습니다
1714,20150209,2015,2,9,5,Google 사용자,요즘은 모바일이죠~~~~
1715,20150203,2015,2,3,5,Google 사용자,폰으로 바로 볼수있어서 편해요~!
1716,20150130,2015,1,30,5,Google 사용자,피씨로 쇼핑하기 어려웠는데 완전편해요!
1717,20141202,2014,12,2,5,Google 사용자,이런곳이 있다니 넘넘 좋네요 ~~!! 품절나서 못샀던 물건 여기서 사네요 진짜 대박인듯해요 번창하세요
1718,20141124,2014,11,24,4,Google 사용자,홈버튼 누르고 나서 종료시켜주세요. 계속 뒤로 눌러야 종료되는것을 고쳐주시면 좋겠네요~~
1719,20141028,2014,10,28,5,Google 사용자,좋아요
1720,20140823,2014,8,23,5,Google 사용자,해외즉구
1721,20140805,2014,8,5,5,Google 사용자,너무 좋아요
1722,20140801,2014,8,1,5,Google 사용자,폰 으로도 명품을 살수있다
1723,20140703,2014,7,3,5,Google 사용자,모바일웹이랑어플이랑똑같아보이지만둘다휴대폰으로접속해서간편하게사용할수있겠네요ㅎ좋습니다.
1724,20140611,2014,6,11,5,Google 사용자,시즌별 컬렉션을 잘 짜서 구매 욕구를 불타오르게함 ㅋㅋㅋ 앱생겨서 조아요!
1725,20140610,2014,6,10,5,Google 사용자,머스트잇 자주들어가는 곳인데 앱으로도 다운가능해서 너무편하고 좋아요 더자주애용할듯해요~여러가지 다방면으로 쇼핑하기딱좋은거같아요 머스트잇 짱짱~!!
1726,20140610,2014,6,10,5,Google 사용자,항상 PC로만 즐찾해놓고 방문하던곳인데 앱으로 언제출시된지도 몰랐네여ㅎㅎ PC로는 상품도 여러개 구매해봐서 편리했던건 잘아는데 앱으로는 과연 어떨지 기대감이 드네여! 인터페이스만 잘 다듬어져있다면 충분히 사랑받을만한 앱이될꺼 같습니다! 이제 다운받았으니 함 둘러보러 가볼께여^^ 암튼 무척 방갑네요 번창하세욧!!
1727,20140530,2014,5,30,5,Google 사용자,이제는 핸드폰으로 간편하게 아이쇼핑을 할 수 있겠다~ 어예~
1728,20140530,2014,5,30,5,Google 사용자,"명품을 즐겨찾진 않지만, 가끔 명절에 부모님 선물이나 지인들 선물로 구매를 합니다. 백화점은 가격이 부담스럽고 제가 원하는 샵을 찾지 못하는경우도 있고 해서 인터넷을 자주 애용하는데 이또한 믿을만한 사이트도 찾기 힘들 더라구요. 저는 여태 여기서 6개정도 상품을 구매 했습니다. 상품도 타 사이트나 백화점에 비해 저렴 할뿐더러 정품인데 다가 좋은 상품들로 보내주더라구요. 한번은 제가 주문을 잘못해서 다른 상품이 왔는데 연락을 하니 바로 처리를 해주더군요. 명품은 사는것 부터해서 까다로운게 많은데  서비스도 친절하고 잘되있는거 같습니다. 저는 뭐하나 사면 꼼꼼하게 보는편이라 시간 날때 핸드폰으로 사이트 찾아보기가 불편 했는데 어플도 있으니 이제는 좀더 편하게 쇼핑을 할수 있을꺼 같아요 ㅎㅎ"
1729,20140530,2014,5,30,5,Google 사용자,항상 보는데 핸드폰으로 보기엔 불편... 이제야 저의 아이쇼핑을 충족시켜주시네요! 좋아요~~
1730,20140530,2014,5,30,5,Google 사용자,"웹에서도 쇼핑하기 참 좋았는데, 어플까지 나와서 더 편하게 구매할 수 있게 되었네요! 엄지촥!!입니다 ;)"
1731,20140530,2014,5,30,5,Google 사용자,언제어플나오나 목빠지게 기다렸어여..집에컴터가없어서 회사컴으로만 쇼핑하는데 눈치가보여서 제대로된쇼핑을 못했거든여~!ㅠㅂㅜ 이제 집에서도 폰으로 명품쇼핑가능해서 신나네여! 따봉b
1732,20140530,2014,5,30,5,Google 사용자,쇼핑하기 너무 편해졌습니다.  평소 검색해서 쇼핑했는데 어플생겨서 대박대박!! 이쁜거 많이올려주세용!!!
1733,20140529,2014,5,29,5,Google 사용자,온라인으로 주문확인하기 번거로웠는데 어플알림기능도 있어서 확인도편하고 상퓸구매시도에 매우 편리해서 좋습니다^^~
1734,20140524,2014,5,24,5,Google 사용자,물건 싸게 잘구했습니다ㅋㅋ 참좋네요 ㅋ
1735,20140524,2014,5,24,5,Google 사용자,혹시나하고 어플 찾아봣는데 나온지 얼마 안댓네요!! 굿!!ㅋㅋ 인터넷으로 보는것보다 편하게 이용할듯~
1736,20140522,2014,5,22,5,Google 사용자,출시되기만을기다리고 있었는데 역시 너무 편하네요! 좋습니다!
1737,20140509,2014,5,9,5,Google 사용자,질러버릴꺼얔 핰핰
